Step,Value1,Value2,Value3,Value4,Value5,Value
0,0.0075,0.005,0.0028125,0.0003125,0.00125,0.0015625
1,0.003125,0.0075,0.005,0.0021875,0.0040625,0.003125
2,0.0059375,0.0040625,0.0040625,0.003125,0.0040625,0.0025
3,0.0065625,0.006875,0.004375,0.0053125,0.0021875,0.0009375
4,0.00375,0.005625,0.0034375,0.001875,0.0028125,0.0015625
5,0.00625,0.006875,0.0059375,0.0146875,0.0009375,0
6,0.0065625,0.0046875,0.004375,0.014375,0.000625,0
7,0.006875,0.005,0.008125,0.02,0.0028125,0.0003125
8,0.0078125,0.006875,0.0084375,0.016875001,0.0015625,0
9,0.0040625,0.0090625,0.0084375,0.022812501,0.003125,0.0015625
10,0.005625,0.01,0.006875,0.02125,0.004375,0
11,0.0053125,0.0090625,0.0096875,0.016562499,0.0059375,0.0015625
12,0.0065625,0.0046875,0.008125,0.0196875,0.0075,0.000625
13,0.0084375,0.010625,0.01,0.022812501,0.00875,0.000625
14,0.0065625,0.0065625,0.00875,0.015625,0.008125,0.0003125
15,0.0084375,0.0096875,0.0084375,0.016562499,0.00875,0
16,0.0059375,0.00625,0.0096875,0.016875001,0.0078125,0
17,0.00875,0.0084375,0.0115625,0.015,0.01125,0.0009375
18,0.0046875,0.0046875,0.0121875,0.018124999,0.008125,0.00125
19,0.0059375,0.0078125,0.01,0.0125,0.0065625,0.00125
20,0.0078125,0.00875,0.015625,0.0159375,0.0096875,0.0009375
21,0.005625,0.01375,0.01,0.015625,0.008125,0.0015625
22,0.00625,0.0115625,0.0109375,0.01375,0.005625,0
23,0.005,0.0121875,0.00875,0.0146875,0.009375,0.0009375
24,0.00625,0.00625,0.0103125,0.0146875,0.0103125,0.0009375
25,0.00625,0.0096875,0.010625,0.013125,0.0078125,0.0015625
26,0.0078125,0.0059375,0.009375,0.0171875,0.0096875,0.0034375
27,0.0084375,0.0059375,0.0115625,0.01375,0.0128125,0.008125
28,0.0078125,0.006875,0.013125,0.0159375,0.009375,0.0059375
29,0.006875,0.005625,0.011875,0.0115625,0.0084375,0.005625
30,0.00625,0.0075,0.0059375,0.01,0.0096875,0.005
31,0.0078125,0.003125,0.0071875,0.0115625,0.0071875,0.004375
32,0.0040625,0.00625,0.0075,0.00875,0.0115625,0.003125
33,0.005625,0.0053125,0.0090625,0.00625,0.0071875,0.004375
34,0.0075,0.0075,0.01,0.0121875,0.0059375,0.004375
35,0.0071875,0.008125,0.00875,0.0075,0.00875,0.0028125
36,0.0065625,0.0096875,0.009375,0.00875,0.005625,0.0034375
37,0.0025,0.0096875,0.0103125,0.0053125,0.01,0.0015625
38,0.0059375,0.0125,0.0065625,0.0096875,0.00625,0.0028125
39,0.0078125,0.0125,0.0075,0.00875,0.0075,0.0025
40,0.0021875,0.0109375,0.0075,0.005625,0.0090625,0.0028125
42,0.0025,0.0090625,0.00625,0.0075,0.008125,0.0034375
43,0.0025,0.01,0.0071875,0.006875,0.0109375,0.0028125
44,0.003125,0.0121875,0.0078125,0.0021875,0.0090625,0.0021875
45,0.004375,0.010625,0.0096875,0.00375,0.008125,0.0034375
46,0.003125,0.009375,0.011875,0.00875,0.006875,0.0040625
47,0.003125,0.0084375,0.0090625,0.0065625,0.0121875,0.0028125
48,0.0034375,0.00875,0.0125,0.0115625,0.011875,0.0021875
49,0.0028125,0.0096875,0.01125,0.0059375,0.00875,0.0034375
50,0.0040625,0.0121875,0.0115625,0.008125,0.0109375,0.00125
51,0.0046875,0.0103125,0.006875,0.0046875,0.0090625,0.00125
52,0.0065625,0.008125,0.0071875,0.0053125,0.009375,0.0021875
53,0.00625,0.0096875,0.0128125,0.0053125,0.0075,0.003125
54,0.0040625,0.0053125,0.01,0.0084375,0.0109375,0.001875
55,0.0065625,0.0096875,0.011875,0.005625,0.0059375,0.0021875
56,0.0065625,0.011875,0.0075,0.0078125,0.00625,0.000625
57,0.006875,0.0128125,0.009375,0.0040625,0.009375,0.0009375
58,0.0065625,0.0071875,0.0078125,0.0053125,0.0071875,0.00125
59,0.0065625,0.010625,0.0096875,0.0053125,0.009375,0.0028125
60,0.006875,0.00875,0.0096875,0.0059375,0.0090625,0.0028125
61,0.005,0.0103125,0.0071875,0.0053125,0.011875,0.0025
62,0.0075,0.0065625,0.01,0.0059375,0.011875,0.0015625
63,0.0065625,0.0109375,0.006875,0.00875,0.0103125,0.00375
64,0.006875,0.006875,0.010625,0.005,0.0159375,0.0034375
65,0.0059375,0.0103125,0.01,0.0028125,0.0078125,0.003125
66,0.0059375,0.0075,0.0071875,0.0034375,0.0128125,0.00375
67,0.0059375,0.01,0.0075,0.0034375,0.0090625,0.0025
68,0.0071875,0.0103125,0.00625,0.0075,0.010625,0.0025
69,0.005625,0.01,0.004375,0.0053125,0.0078125,0.004375
70,0.0059375,0.009375,0.0071875,0.0059375,0.0090625,0.003125
71,0.0059375,0.008125,0.003125,0.0071875,0.0084375,0.0040625
72,0.004375,0.010625,0.0059375,0.006875,0.0084375,0.0028125
73,0.00375,0.01125,0.0078125,0.006875,0.0109375,0.0028125
74,0.0028125,0.015,0.010625,0.0096875,0.01125,0.0040625
75,0.0028125,0.0115625,0.01,0.0046875,0.0090625,0.0021875
76,0.001875,0.01125,0.00875,0.010625,0.010625,0.004375
77,0.004375,0.013125,0.009375,0.0065625,0.0084375,0.003125
78,0.0025,0.0146875,0.0090625,0.006875,0.0084375,0.0021875
79,0.0021875,0.01125,0.0071875,0.0059375,0.0103125,0.00375
80,0.005,0.01125,0.0071875,0.0040625,0.01,0.0021875
81,0.0028125,0.015625,0.008125,0.0065625,0.009375,0.00375
82,0.0053125,0.0121875,0.0071875,0.0090625,0.0053125,0.0025
83,0.0025,0.0128125,0.0075,0.0046875,0.0046875,0.0025
84,0.004375,0.01375,0.006875,0.0071875,0.0028125,0.0009375
85,0.0075,0.0125,0.0071875,0.0078125,0.004375,0.0034375
86,0.004375,0.011875,0.0078125,0.00625,0.004375,0.0046875
87,0.0025,0.01125,0.00625,0.0084375,0.005,0.0028125
88,0.00375,0.0171875,0.0096875,0.0084375,0.0075,0.001875
89,0.0025,0.0146875,0.0084375,0.0078125,0.01,0.00125
90,0.0040625,0.0134375,0.008125,0.0096875,0.0103125,0.001875
91,0.0040625,0.016562499,0.0096875,0.0084375,0.0090625,0.0015625
92,0.005,0.0153125,0.00875,0.0075,0.0096875,0.001875
93,0.0015625,0.0128125,0.0065625,0.006875,0.009375,0.0015625
94,0.0034375,0.011875,0.0065625,0.0065625,0.0090625,0.00125
95,0.003125,0.011875,0.0053125,0.005,0.0078125,0.0025
96,0.0021875,0.0125,0.0053125,0.006875,0.0084375,0.0040625
97,0.001875,0.009375,0.0053125,0.00375,0.0090625,0.0053125
98,0.0025,0.009375,0.0040625,0.0040625,0.0059375,0.004375
99,0.0015625,0.011875,0.00375,0.0046875,0.009375,0.0053125
100,0.0040625,0.0078125,0.0065625,0.0053125,0.0084375,0.0053125
101,0.0015625,0.0075,0.005625,0.0059375,0.0065625,0.0059375
102,0.0040625,0.0109375,0.004375,0.005625,0.0078125,0.005625
103,0.001875,0.0096875,0.0053125,0.0040625,0.00875,0.0075
104,0.00375,0.0090625,0.0046875,0.00625,0.0071875,0.00625
105,0.0046875,0.006875,0.0071875,0.004375,0.0046875,0.0071875
106,0.0034375,0.010625,0.0075,0.005625,0.008125,0.010625
107,0.00625,0.014375,0.005625,0.0065625,0.0071875,0.0128125
108,0.0053125,0.0071875,0.0059375,0.0053125,0.0034375,0.0084375
109,0.005,0.00625,0.001875,0.006875,0.003125,0.0096875
110,0.005,0.0084375,0.00625,0.004375,0.004375,0.005625
111,0.006875,0.0084375,0.00625,0.0075,0.0059375,0.0103125
112,0.005,0.0071875,0.005625,0.006875,0.0065625,0.010625
113,0.00375,0.01,0.0028125,0.0053125,0.00625,0.01125
114,0.0046875,0.0075,0.004375,0.00625,0.005,0.0115625
115,0.004375,0.0128125,0.0046875,0.0046875,0.004375,0.009375
116,0.0040625,0.0078125,0.0084375,0.0028125,0.0053125,0.00875
117,0.00375,0.008125,0.0065625,0.0028125,0.0028125,0.0096875
118,0.0078125,0.0109375,0.00875,0.00375,0.003125,0.0121875
119,0.0109375,0.009375,0.01,0.0046875,0.0021875,0.0121875
120,0.0059375,0.0078125,0.005,0.0040625,0.0040625,0.01
121,0.005,0.0071875,0.0096875,0.004375,0.00375,0.0084375
122,0.0053125,0.0125,0.0084375,0.0028125,0.0040625,0.011875
123,0.004375,0.0109375,0.00875,0.001875,0.00375,0.0115625
124,0.005625,0.010625,0.0078125,0.005,0.003125,0.0071875
125,0.0065625,0.009375,0.0096875,0.0040625,0.0028125,0.0084375
126,0.0046875,0.00875,0.00875,0.00375,0.001875,0.0109375
127,0.0053125,0.008125,0.0059375,0.0028125,0.0015625,0.008125
128,0.0034375,0.0125,0.006875,0.0046875,0.000625,0.00875
129,0.0025,0.011875,0.0040625,0.0040625,0.0021875,0.0103125
130,0.0059375,0.0096875,0.005625,0.0034375,0.0025,0.01125
131,0.00375,0.011875,0.005,0.001875,0.0028125,0.01375
132,0.0021875,0.0071875,0.0025,0.0053125,0.0015625,0.0109375
133,0,0.0103125,0.0059375,0.005625,0.0021875,0.0090625
134,0,0.0096875,0.004375,0.004375,0.00125,0.0078125
135,0,0.01125,0.006875,0.0046875,0.003125,0.008125
136,0,0.0096875,0.0040625,0.004375,0.0021875,0.01
137,0,0.008125,0.0053125,0.003125,0.00375,0.01
138,0,0.008125,0.0046875,0.004375,0.0034375,0.0121875
139,0,0.01125,0.0065625,0.003125,0.0034375,0.0090625
140,0,0.0103125,0.0078125,0.003125,0.008125,0.0115625
141,0,0.01,0.005,0.00375,0.00875,0.010625
142,0,0.011875,0.0065625,0.00625,0.0078125,0.0075
143,0,0.0090625,0.0040625,0.0021875,0.006875,0.0071875
144,0,0.0109375,0.0090625,0.005,0.0078125,0.008125
145,0,0.009375,0.0059375,0.005,0.00875,0.0075
146,0,0.0090625,0.006875,0.0053125,0.00625,0.0090625
147,0,0.0078125,0.006875,0.00375,0.0071875,0.0096875
148,0,0.0115625,0.009375,0.0065625,0.0084375,0.005625
149,0,0.0103125,0.005625,0.0040625,0.005625,0.0084375
150,0,0.00875,0.0075,0.00625,0.004375,0.0090625
151,0,0.0109375,0.0040625,0.0053125,0.00875,0.0053125
152,0,0.0059375,0.0075,0.0071875,0.0071875,0.0071875
153,0,0.01,0.01,0.0046875,0.004375,0.0046875
154,0,0.008125,0.0096875,0.0046875,0.0053125,0.0075
155,0,0.01,0.009375,0.005625,0.005,0.0096875
156,0,0.0121875,0.0071875,0.0046875,0.0053125,0.009375
157,0,0.0078125,0.0059375,0.0034375,0.0059375,0.00625
158,0,0.0103125,0.00875,0.00375,0.0071875,0.005625
159,0,0.006875,0.0090625,0.0065625,0.0075,0.0078125
160,0,0.0096875,0.0075,0.0078125,0.0040625,0.005
161,0,0.010625,0.0071875,0.0065625,0.0053125,0.010625
162,0,0.009375,0.005625,0.00625,0.0075,0.0059375
163,0,0.0071875,0.00625,0.006875,0.0034375,0.008125
164,0,0.009375,0.0096875,0.005625,0.0046875,0.0071875
165,0,0.0103125,0.0053125,0.0034375,0.005625,0.0046875
166,0,0.0075,0.0065625,0.0059375,0.005,0.0071875
167,0,0.00875,0.005625,0.004375,0.00625,0.0084375
168,0,0.0071875,0.005,0.0075,0.0053125,0.0059375
169,0,0.013125,0.00625,0.0078125,0.005625,0.0059375
170,0,0.008125,0.0075,0.0078125,0.0075,0.0046875
171,0,0.009375,0.005625,0.0071875,0.004375,0.005
172,0,0.009375,0.0071875,0.005625,0.01,0.0053125
173,0,0.009375,0.0078125,0.0096875,0.0071875,0.006875
174,0,0.01125,0.00625,0.0084375,0.0059375,0.005625
175,0,0.006875,0.0065625,0.006875,0.0078125,0.0053125
176,0,0.0115625,0.005625,0.0071875,0.00625,0.0078125
177,0,0.009375,0.0053125,0.0071875,0.01,0.0096875
178,0,0.00875,0.0071875,0.006875,0.0065625,0.006875
179,0,0.0084375,0.01,0.0103125,0.009375,0.00375
180,0,0.0103125,0.0109375,0.0090625,0.0115625,0.0071875
181,0,0.0084375,0.0096875,0.010625,0.0096875,0.003125
182,0,0.005625,0.005625,0.0084375,0.0078125,0.0065625
183,0,0.0090625,0.009375,0.0059375,0.0078125,0.00625
184,0,0.0071875,0.0103125,0.0059375,0.0103125,0.0046875
185,0,0.0090625,0.008125,0.0046875,0.0096875,0.0071875
186,0,0.0078125,0.0096875,0.00875,0.009375,0.0046875
187,0,0.0090625,0.0075,0.00375,0.0103125,0.0075
188,0,0.01,0.0090625,0.0071875,0.0103125,0.0040625
189,0,0.008125,0.0103125,0.00625,0.01,0.0078125
190,0,0.009375,0.010625,0.006875,0.0096875,0.005625
191,0,0.0096875,0.008125,0.0046875,0.0109375,0.008125
192,0,0.0075,0.009375,0.005625,0.0084375,0.005
193,0,0.0096875,0.00875,0.005,0.0071875,0.006875
194,0,0.0078125,0.0071875,0.005625,0.0090625,0.0090625
195,0,0.0090625,0.0084375,0.0078125,0.010625,0.0053125
196,0,0.0078125,0.00875,0.0040625,0.006875,0.0059375
197,0,0.01,0.0053125,0.009375,0.0075,0.0053125
198,0,0.0084375,0.0065625,0.0065625,0.009375,0.003125
199,0,0.0090625,0.005625,0.00625,0.006875,0.005
200,0,0.0078125,0.0059375,0.008125,0.005625,0.004375
201,0,0.0071875,0.0071875,0.005625,0.0065625,0.0059375
202,0,0.0096875,0.0065625,0.0065625,0.005,0.004375
203,0,0.01,0.0075,0.005,0.0065625,0.0046875
204,0,0.0096875,0.0059375,0.0078125,0.0046875,0.0059375
205,0,0.0121875,0.0075,0.008125,0.005,0.0065625
206,0,0.010625,0.005625,0.006875,0.0071875,0.0059375
207,0,0.010625,0.0059375,0.003125,0.01125,0.003125
208,0,0.0084375,0.0075,0.0078125,0.0071875,0.0046875
209,0,0.0109375,0.005625,0.00625,0.006875,0.0040625
210,0,0.009375,0.004375,0.005,0.0046875,0.0065625
211,0,0.01,0.0053125,0.00625,0.005,0.003125
212,0,0.0128125,0.006875,0.0040625,0.0053125,0.004375
213,0,0.0115625,0.0071875,0.0065625,0.005,0.005625
214,0,0.0084375,0.00625,0.0071875,0.00375,0.0053125
215,0,0.0096875,0.005,0.0046875,0.00375,0.0059375
216,0,0.01125,0.009375,0.005,0.004375,0.005
217,0,0.0146875,0.0065625,0.0034375,0.0025,0.006875
218,0,0.01,0.009375,0.0046875,0.0025,0.0034375
219,0,0.0075,0.0053125,0.0071875,0.004375,0.0059375
220,0,0.0084375,0.0075,0.0065625,0.0046875,0.0078125
221,0,0.0115625,0.0075,0.006875,0.005625,0.0053125
222,0,0.0096875,0.0084375,0.0084375,0.0034375,0.0028125
223,0,0.0103125,0.0065625,0.0053125,0.00375,0.00375
224,0,0.01375,0.0084375,0.005,0.0053125,0.005
225,0,0.0121875,0.0078125,0.0071875,0.0059375,0.0053125
226,0,0.01125,0.0084375,0.0046875,0.0084375,0.004375
227,0,0.0121875,0.005625,0.0065625,0.006875,0.0028125
228,0,0.0096875,0.008125,0.004375,0.0046875,0.0053125
229,0,0.009375,0.0084375,0.00625,0.0065625,0.0053125
230,0,0.0096875,0.00625,0.005625,0.005,0.0046875
231,0,0.00875,0.0046875,0.0059375,0.0059375,0.00625
232,0,0.013125,0.006875,0.0034375,0.0078125,0.005625
233,0,0.0125,0.004375,0.0040625,0.0046875,0.0059375
234,0,0.00625,0.004375,0.005625,0.0084375,0.0040625
235,0,0.0109375,0.0034375,0.0046875,0.0059375,0.005
236,0,0.01,0.006875,0.0053125,0.006875,0.0046875
237,0,0.01,0.0078125,0.005625,0.006875,0.00375
238,0,0.01125,0.0065625,0.0075,0.005,0.0046875
239,0,0.0109375,0.00875,0.0065625,0.0109375,0.0053125
240,0,0.0084375,0.0065625,0.0046875,0.008125,0.0021875
241,0,0.009375,0.00625,0.00375,0.0071875,0.00625
242,0,0.0115625,0.0071875,0.00625,0.00875,0.0065625
243,0,0.006875,0.0071875,0.0065625,0.0084375,0.003125
244,0,0.00875,0.0065625,0.005625,0.006875,0.005625
245,0,0.0075,0.0046875,0.005625,0.0053125,0.00875
246,0,0.008125,0.0059375,0.00375,0.00625,0.00625
247,0,0.0125,0.0053125,0.0078125,0.0075,0.005
248,0,0.0096875,0.0065625,0.0065625,0.006875,0.005625
249,0,0.010625,0.00875,0.00625,0.0053125,0.005
250,0,0.0096875,0.009375,0.0075,0.0075,0.00625
251,0,0.0103125,0.0096875,0.004375,0.0053125,0.005625
252,0,0.0084375,0.0128125,0.008125,0.0059375,0.0090625
253,0,0.00875,0.0059375,0.0090625,0.008125,0.0053125
254,0,0.0096875,0.0059375,0.006875,0.0059375,0.005625
255,0,0.0065625,0.0075,0.0075,0.0071875,0.00625
256,0,0.0071875,0.01125,0.008125,0.0053125,0.0075
257,0,0.006875,0.0065625,0.00625,0.0059375,0.0075
258,0,0.01125,0.005625,0.0084375,0.0065625,0.009375
259,0,0.01125,0.0053125,0.0084375,0.006875,0.0065625
260,0,0.01,0.003125,0.006875,0.00625,0.004375
261,0,0.005,0.0071875,0.009375,0.0071875,0.0078125
262,0,0.01,0.00375,0.006875,0.00625,0.0053125
263,0,0.0121875,0.005,0.0053125,0.0075,0.0059375
264,0,0.008125,0.0053125,0.01,0.0065625,0.006875
265,0,0.005625,0.004375,0.0075,0.005,0.0071875
267,0,0.010625,0.0065625,0.005625,0.0040625,0.009375
268,0,0.016562499,0.00375,0.0109375,0.005,0.008125
269,0,0.013125,0.00375,0.0096875,0.006875,0.005
270,0,0.011875,0.0053125,0.0078125,0.0075,0.006875
271,0,0.009375,0.0078125,0.011875,0.0034375,0.0075
272,0,0.009375,0.0059375,0.00875,0.00375,0.008125
273,0,0.0096875,0.0034375,0.0065625,0.004375,0.00625
274,0,0.00875,0.006875,0.0134375,0.0053125,0.0065625
275,0,0.0128125,0.0065625,0.0084375,0.004375,0.006875
276,0,0.0109375,0.0075,0.0075,0.00375,0.0059375
277,0,0.010625,0.0046875,0.0103125,0.008125,0.006875
278,0,0.014375,0.00875,0.0084375,0.0053125,0.008125
279,0,0.01125,0.0075,0.0096875,0.006875,0.009375
280,0,0.0125,0.0053125,0.006875,0.0040625,0.00625
281,0,0.014375,0.006875,0.0071875,0.0034375,0.0065625
282,0,0.011875,0.004375,0.010625,0.005625,0.0078125
283,0,0.010625,0.006875,0.008125,0.0040625,0.0065625
284,0,0.010625,0.006875,0.00875,0.0046875,0.0071875
285,0,0.010625,0.0046875,0.008125,0.0065625,0.00625
286,0,0.010625,0.006875,0.01,0.00375,0.0071875
287,0,0.015,0.0075,0.0115625,0.005625,0.0065625
288,0,0.010625,0.0053125,0.00875,0.00625,0.0053125
289,0,0.0103125,0.006875,0.0096875,0.0071875,0.0046875
290,0,0.01375,0.0059375,0.0090625,0.0059375,0.005
291,0,0.013125,0.006875,0.0125,0.00625,0.0071875
292,0,0.00875,0.0071875,0.0121875,0.00625,0.0065625
293,0,0.0125,0.0075,0.0096875,0.0046875,0.005
294,0,0.0103125,0.006875,0.0096875,0.005,0.0040625
295,0,0.0096875,0.0046875,0.01,0.0084375,0.0075
296,0,0.0096875,0.00875,0.010625,0.0059375,0.0046875
297,0,0.0096875,0.0059375,0.0109375,0.00625,0.0046875
298,0,0.00875,0.005625,0.009375,0.005625,0.004375
299,0,0.0121875,0.0059375,0.0078125,0.0090625,0.006875
300,0,0.0084375,0.006875,0.00625,0.0071875,0.004375
301,0,0.0115625,0.00625,0.008125,0.0078125,0.00625
302,0,0.008125,0.0065625,0.0090625,0.008125,0.006875
303,0,0.0109375,0.0075,0.0090625,0.005,0.004375
304,0,0.006875,0.00625,0.0071875,0.0071875,0.0075
305,0,0.0071875,0.0071875,0.0078125,0.0078125,0.0065625
306,0,0.0128125,0.0053125,0.0103125,0.00875,0.006875
307,0,0.0115625,0.006875,0.0084375,0.005,0.003125
308,0,0.0115625,0.0078125,0.009375,0.0071875,0.005625
309,0,0.0109375,0.0059375,0.0090625,0.00625,0.0046875
310,0,0.0115625,0.006875,0.010625,0.0071875,0.00625
311,0,0.008125,0.0084375,0.01,0.0065625,0.006875
312,0,0.0078125,0.0103125,0.0078125,0.0071875,0.0065625
313,0,0.0134375,0.0078125,0.009375,0.006875,0.004375
314,0,0.01125,0.00625,0.0090625,0.00625,0.0075
315,0,0.010625,0.00625,0.01,0.009375,0.0084375
316,0,0.009375,0.0053125,0.01,0.0046875,0.00375
317,0,0.009375,0.0065625,0.0090625,0.0096875,0.00375
318,0,0.008125,0.0053125,0.010625,0.0071875,0.005
319,0,0.010625,0.0084375,0.009375,0.0046875,0.004375
320,0,0.008125,0.0084375,0.008125,0.0071875,0.00625
321,0,0.0078125,0.00625,0.008125,0.01,0.006875
322,0,0.0103125,0.0065625,0.0065625,0.0071875,0.0059375
323,0,0.0134375,0.01,0.0065625,0.0071875,0.005625
324,0,0.01,0.0071875,0.0071875,0.01,0.0065625
325,0,0.0071875,0.0090625,0.0103125,0.006875,0.0065625
326,0,0.0109375,0.0065625,0.0078125,0.0096875,0.003125
327,0,0.0128125,0.0071875,0.00625,0.005625,0.006875
328,0,0.0078125,0.0096875,0.0078125,0.0075,0.005625
329,0,0.011875,0.00875,0.009375,0.00625,0.0053125
330,0,0.0075,0.0071875,0.00875,0.0053125,0.006875
331,0,0.0128125,0.0103125,0.011875,0.0078125,0.005
332,0,0.0096875,0.0075,0.0084375,0.005625,0.00625
333,0,0.01125,0.0071875,0.0084375,0.0084375,0.0053125
334,0,0.014375,0.0084375,0.008125,0.0071875,0.005625
335,0,0.009375,0.0096875,0.009375,0.0071875,0.005
336,0,0.0109375,0.011875,0.0059375,0.0065625,0.0065625
337,0,0.01125,0.01,0.0075,0.0109375,0.005
338,0,0.009375,0.0065625,0.006875,0.0103125,0.005625
339,0,0.01,0.005625,0.0075,0.00625,0.005625
340,0,0.013125,0.0078125,0.0053125,0.0071875,0.005625
341,0,0.010625,0.0078125,0.0078125,0.0075,0.005
342,0,0.0090625,0.005625,0.0065625,0.006875,0.0053125
343,0,0.0125,0.0090625,0.00875,0.0071875,0.0075
344,0,0.0075,0.010625,0.0071875,0.008125,0.0103125
345,0,0.01,0.006875,0.00625,0.004375,0.0084375
346,0,0.0109375,0.0065625,0.0084375,0.006875,0.0084375
347,0,0.0071875,0.008125,0.0090625,0.006875,0.0109375
348,0,0.0153125,0.0053125,0.009375,0.004375,0.01125
349,0,0.0096875,0.008125,0.0071875,0.006875,0.013125
350,0,0.0103125,0.005625,0.0065625,0.0034375,0.0090625
351,0,0.009375,0.0046875,0.0075,0.0053125,0.009375
352,0,0.0078125,0.00625,0.0075,0.0071875,0.01125
353,0,0.014375,0.0046875,0.0084375,0.005625,0.0115625
354,0,0.0103125,0.0084375,0.0084375,0.006875,0.016562499
355,0,0.0096875,0.0075,0.006875,0.006875,0.01
356,0,0.0115625,0.0071875,0.0075,0.00625,0.01125
357,0,0.0059375,0.0078125,0.005625,0.0065625,0.0115625
358,0,0.01125,0.0059375,0.0059375,0.0059375,0.013125
359,0,0.0115625,0.006875,0.005625,0.006875,0.010625
360,0,0.01125,0.0065625,0.0053125,0.0046875,0.0103125
361,0,0.01125,0.005625,0.0071875,0.0059375,0.010625
362,0,0.0125,0.00625,0.008125,0.0040625,0.0103125
363,0,0.013125,0.0078125,0.00875,0.0040625,0.01
364,0,0.01,0.00375,0.01,0.005625,0.0096875
365,0,0.011875,0.006875,0.006875,0.0015625,0.0071875
366,0,0.008125,0.0053125,0.01,0.0028125,0.0090625
367,0,0.00875,0.0071875,0.0065625,0.0015625,0.0090625
368,0,0.0090625,0.005,0.0071875,0.005,0.009375
369,0,0.01375,0.009375,0.0071875,0.0034375,0.00625
370,0,0.009375,0.0053125,0.00875,0.0053125,0.010625
371,0,0.0121875,0.0040625,0.0071875,0.005625,0.0103125
372,0,0.0084375,0.006875,0.0059375,0.005,0.0096875
373,0,0.0115625,0.003125,0.00625,0.0040625,0.01
374,0,0.009375,0.005,0.006875,0.003125,0.0096875
375,0,0.0103125,0.00625,0.006875,0.0046875,0.010625
376,0,0.00875,0.0025,0.005625,0.0025,0.0109375
377,0,0.0115625,0.0075,0.0084375,0.004375,0.0078125
378,0,0.0103125,0.0065625,0.0084375,0.006875,0.01
379,0,0.01125,0.0053125,0.0084375,0.0053125,0.0115625
380,0,0.0121875,0.004375,0.0096875,0.0040625,0.0078125
381,0,0.0103125,0.0065625,0.0084375,0.006875,0.0128125
382,0,0.0071875,0.0053125,0.01125,0.0075,0.008125
383,0,0.009375,0.006875,0.009375,0.0075,0.00875
384,0,0.01375,0.0059375,0.006875,0.0109375,0.0075
385,0,0.0090625,0.005625,0.0084375,0.010625,0.0078125
386,0,0.00875,0.00625,0.0084375,0.009375,0.008125
387,0,0.0128125,0.006875,0.0078125,0.008125,0.0078125
388,0,0.01,0.0040625,0.009375,0.010625,0.0040625
389,0,0.0134375,0.00375,0.008125,0.008125,0.0084375
390,0,0.009375,0.0084375,0.00875,0.008125,0.0109375
391,0,0.0128125,0.0065625,0.0059375,0.0059375,0.0096875
392,0,0.01,0.008125,0.008125,0.0096875,0.0084375
393,0,0.010625,0.00375,0.0084375,0.0096875,0.0115625
395,0,0.0103125,0.0075,0.0121875,0.0103125,0.0075
396,0,0.0121875,0.008125,0.0084375,0.008125,0.0103125
397,0,0.0115625,0.0059375,0.0075,0.008125,0.0096875
398,0,0.0140625,0.0065625,0.0075,0.0084375,0.0103125
399,0,0.0096875,0.006875,0.0053125,0.0075,0.010625
400,0,0.009375,0.0078125,0.009375,0.01,0.0084375
401,0,0.011875,0.0075,0.0084375,0.00875,0.0090625
402,0,0.0125,0.0096875,0.0078125,0.013125,0.01
403,0,0.010625,0.00625,0.004375,0.0096875,0.009375
404,0,0.0109375,0.0053125,0.00625,0.0065625,0.010625
405,0,0.0175,0.0084375,0.006875,0.00625,0.00875
406,0,0.0109375,0.005625,0.005,0.0065625,0.01125
407,0,0.0115625,0.010625,0.006875,0.00375,0.010625
408,0,0.00875,0.008125,0.0078125,0.006875,0.0128125
409,0,0.0134375,0.008125,0.009375,0.0046875,0.01125
410,0,0.0128125,0.008125,0.0103125,0.0071875,0.0109375
411,0,0.0109375,0.0053125,0.0071875,0.004375,0.009375
412,0,0.011875,0.005625,0.0053125,0.0053125,0.0090625
413,0,0.0090625,0.0121875,0.00875,0.0046875,0.008125
414,0,0.010625,0.008125,0.006875,0.0059375,0.0128125
415,0,0.01,0.006875,0.0078125,0.0046875,0.0090625
416,0,0.0078125,0.00625,0.0078125,0.00625,0.009375
417,0,0.009375,0.0075,0.005625,0.0053125,0.00875
418,0,0.009375,0.0034375,0.0090625,0.00375,0.0090625
419,0,0.01125,0.00875,0.00625,0.0075,0.0075
420,0,0.0134375,0.0084375,0.01,0.0075,0.01
421,0,0.009375,0.00875,0.0115625,0.0065625,0.0103125
422,0,0.0090625,0.0078125,0.0075,0.0078125,0.0078125
423,0,0.013125,0.010625,0.0096875,0.00625,0.0071875
424,0,0.010625,0.0059375,0.0096875,0.0075,0.008125
425,0,0.0103125,0.006875,0.0078125,0.0071875,0.010625
426,0,0.0103125,0.009375,0.0109375,0.0078125,0.0084375
427,0,0.009375,0.0103125,0.0071875,0.0078125,0.006875
428,0,0.0090625,0.008125,0.008125,0.0075,0.006875
429,0,0.0071875,0.005625,0.0059375,0.0075,0.0096875
430,0,0.010625,0.00875,0.006875,0.0078125,0.0090625
432,0,0.008125,0.005625,0.0065625,0.008125,0.0071875
433,0,0.0103125,0.0090625,0.0075,0.008125,0.005625
434,0,0.0115625,0.0103125,0.01,0.008125,0.0075
435,0,0.0096875,0.0071875,0.0075,0.0071875,0.006875
436,0,0.0153125,0.0071875,0.0071875,0.0121875,0.01125
437,0,0.010625,0.008125,0.0103125,0.0096875,0.0084375
438,0,0.009375,0.0075,0.0078125,0.008125,0.0065625
439,0,0.0096875,0.010625,0.0040625,0.009375,0.0078125
440,0,0.01,0.0065625,0.00625,0.0096875,0.0078125
441,0,0.006875,0.008125,0.0075,0.0096875,0.0059375
442,0,0.011875,0.01,0.0084375,0.0090625,0.00875
443,0,0.011875,0.0078125,0.0071875,0.00875,0.0084375
444,0,0.0096875,0.00625,0.0075,0.0103125,0.0084375
445,0,0.0084375,0.006875,0.0071875,0.0096875,0.0075
446,0,0.009375,0.0078125,0.0075,0.01125,0.0075
447,0,0.0096875,0.0084375,0.0071875,0.00875,0.0078125
448,0,0.0109375,0.0084375,0.0078125,0.011875,0.0075
449,0,0.014375,0.006875,0.009375,0.0084375,0.00625
450,0,0.0096875,0.0053125,0.009375,0.0078125,0.00875
451,0,0.008125,0.0078125,0.0096875,0.006875,0.00625
452,0,0.00625,0.0096875,0.0090625,0.0065625,0.0084375
453,0,0.0059375,0.0090625,0.006875,0.0084375,0.005
454,0,0.006875,0.0078125,0.0075,0.0071875,0.008125
455,0,0.0046875,0.005625,0.0078125,0.0071875,0.0078125
456,0,0.0103125,0.0075,0.0075,0.01,0.0075
457,0,0.009375,0.0059375,0.0078125,0.008125,0.0109375
458,0,0.0084375,0.008125,0.0078125,0.0075,0.0084375
459,0,0.0121875,0.00625,0.0065625,0.0078125,0.00625
460,0,0.0090625,0.0090625,0.005625,0.0071875,0.00625
461,0,0.010625,0.010625,0.009375,0.004375,0.0065625
462,0,0.00875,0.0084375,0.0059375,0.0071875,0.0096875
463,0,0.0071875,0.009375,0.0075,0.0065625,0.0103125
464,0,0.00625,0.008125,0.0078125,0.005,0.0078125
465,0,0.0115625,0.0103125,0.0071875,0.0090625,0.00875
466,0,0.00875,0.005625,0.0059375,0.008125,0.0096875
467,0,0.0125,0.0084375,0.0078125,0.009375,0.0075
468,0,0.01375,0.0075,0.0059375,0.009375,0.00625
469,0,0.0075,0.00625,0.005625,0.0128125,0.0071875
470,0,0.0103125,0.0090625,0.0075,0.0084375,0.0090625
471,0,0.00875,0.0109375,0.0059375,0.0078125,0.0103125
472,0,0.0071875,0.0075,0.005,0.0084375,0.0084375
473,0,0.0090625,0.00625,0.0053125,0.0078125,0.0078125
474,0,0.009375,0.0071875,0.005625,0.01,0.00625
475,0,0.010625,0.006875,0.0071875,0.0096875,0.0109375
476,0,0.01125,0.0071875,0.0075,0.0059375,0.0071875
477,0,0.01,0.0103125,0.0075,0.009375,0.0078125
478,0,0.0125,0.013125,0.0059375,0.00875,0.0078125
479,0,0.0103125,0.0090625,0.0078125,0.0096875,0.0065625
480,0,0.011875,0.005,0.0059375,0.009375,0.0053125
481,0,0.008125,0.0084375,0.0078125,0.0065625,0.008125
482,0,0.01,0.0090625,0.0059375,0.0090625,0.009375
483,0,0.01125,0.008125,0.0065625,0.01,0.0078125
484,0,0.010625,0.0090625,0.009375,0.006875,0.005
485,0,0.0103125,0.01,0.008125,0.00625,0.00875
486,0,0.0159375,0.0096875,0.0109375,0.0053125,0.006875
487,0,0.010625,0.0046875,0.009375,0.00625,0.006875
488,0,0.0065625,0.008125,0.0046875,0.00625,0.0065625
489,0,0.0115625,0.0075,0.008125,0.0053125,0.0084375
490,0,0.0115625,0.0065625,0.0075,0.0053125,0.008125
491,0,0.009375,0.01,0.006875,0.00625,0.0065625
492,0,0.0140625,0.009375,0.0059375,0.0065625,0.00625
493,0,0.01,0.01125,0.0071875,0.008125,0.004375
494,0,0.011875,0.0084375,0.010625,0.005,0.0065625
495,0,0.0096875,0.0065625,0.009375,0.005,0.0046875
496,0,0.0084375,0.008125,0.0071875,0.005,0.006875
497,0,0.0115625,0.0078125,0.0059375,0.0059375,0.006875
498,0,0.00875,0.008125,0.0090625,0.008125,0.0065625
499,0,0.0075,0.00625,0.0128125,0.006875,0.0065625
500,0,0.009375,0.01125,0.008125,0.0075,0.0053125
501,0,0.0065625,0.0071875,0.00875,0.0071875,0.0075
502,0,0.009375,0.0071875,0.0096875,0.0075,0.0065625
503,0,0.0121875,0.0065625,0.009375,0.0071875,0.009375
504,0,0.010625,0.005625,0.0090625,0.0084375,0.010625
505,0,0.011875,0.01,0.009375,0.005625,0.01125
506,0,0.014375,0.0065625,0.0096875,0.006875,0.011875
507,0,0.0121875,0.0096875,0.011875,0.0040625,0.010625
508,0,0.0103125,0.0065625,0.0103125,0.0075,0.0146875
509,0,0.0090625,0.005,0.008125,0.0059375,0.0134375
510,0,0.0090625,0.00625,0.0071875,0.0084375,0.0159375
511,0,0.0103125,0.004375,0.0115625,0.00625,0.01
512,0,0.010625,0.0084375,0.0128125,0.0065625,0.01375
513,0,0.0078125,0.0084375,0.0084375,0.0084375,0.0096875
514,0,0.0115625,0.0078125,0.0103125,0.0075,0.014375
515,0,0.0109375,0.009375,0.01,0.0059375,0.013125
516,0,0.01125,0.0096875,0.00875,0.0065625,0.0146875
517,0,0.01,0.0059375,0.0084375,0.0071875,0.009375
518,0,0.0140625,0.00875,0.0109375,0.0078125,0.0134375
519,0,0.013125,0.0065625,0.0134375,0.0084375,0.01
520,0,0.0103125,0.0065625,0.0115625,0.0096875,0.0134375
521,0,0.008125,0.005,0.013125,0.009375,0.01375
522,0,0.0115625,0.00875,0.009375,0.010625,0.0128125
523,0,0.0078125,0.01,0.0125,0.0140625,0.01375
524,0,0.01,0.0075,0.009375,0.0078125,0.0140625
525,0,0.0103125,0.005625,0.006875,0.00625,0.010625
526,0,0.0115625,0.0053125,0.0125,0.0115625,0.0153125
527,0,0.009375,0.0078125,0.009375,0.0078125,0.01125
528,0,0.0090625,0.0109375,0.0128125,0.01125,0.0109375
529,0,0.014375,0.010625,0.0103125,0.005625,0.0140625
530,0,0.0128125,0.006875,0.0125,0.0078125,0.0090625
531,0,0.0109375,0.00625,0.009375,0.0071875,0.013125
532,0,0.0084375,0.005625,0.01375,0.0075,0.0128125
533,0,0.0128125,0.0084375,0.0103125,0.0065625,0.011875
534,0,0.0121875,0.0109375,0.009375,0.005625,0.0146875
535,0,0.0115625,0.009375,0.009375,0.0115625,0.0175
536,0,0.013125,0.0096875,0.0121875,0.0078125,0.014375
537,0,0.0103125,0.0103125,0.0096875,0.0084375,0.0115625
538,0,0.0096875,0.005625,0.0103125,0.0065625,0.011875
539,0,0.008125,0.010625,0.00875,0.008125,0.0134375
540,0,0.0075,0.01,0.0121875,0.006875,0.013125
541,0,0.0075,0.0090625,0.0103125,0.0084375,0.015
542,0,0.0109375,0.005625,0.006875,0.0071875,0.01125
543,0,0.01,0.0059375,0.01125,0.00625,0.0121875
544,0,0.00875,0.00875,0.010625,0.0078125,0.01125
545,0,0.0115625,0.009375,0.008125,0.0065625,0.0109375
546,0,0.0090625,0.009375,0.0121875,0.006875,0.0115625
547,0,0.0096875,0.010625,0.0109375,0.00625,0.0115625
548,0,0.0053125,0.0109375,0.0115625,0.0078125,0.015
549,0,0.0103125,0.009375,0.0125,0.0065625,0.0090625
550,0,0.006875,0.0121875,0.0103125,0.00625,0.015
551,0,0.0065625,0.0121875,0.0115625,0.006875,0.015
552,0,0.0103125,0.0109375,0.0096875,0.0078125,0.01125
553,0,0.0103125,0.0078125,0.005625,0.0071875,0.0115625
554,0,0.010625,0.006875,0.0121875,0.008125,0.0128125
555,0,0.01,0.0075,0.0140625,0.0075,0.0146875
556,0,0.008125,0.0103125,0.0103125,0.006875,0.0125
557,0,0.008125,0.008125,0.0096875,0.005625,0.01125
558,0,0.00875,0.0103125,0.0096875,0.006875,0.0121875
559,0,0.01,0.0115625,0.01,0.0065625,0.013125
560,0,0.0115625,0.0090625,0.0075,0.0053125,0.0109375
561,0,0.0078125,0.010625,0.009375,0.004375,0.008125
562,0,0.0140625,0.0096875,0.01,0.0075,0.0121875
563,0,0.011875,0.0090625,0.0103125,0.003125,0.01125
564,0,0.008125,0.0090625,0.0128125,0.0071875,0.0109375
565,0,0.006875,0.0096875,0.0078125,0.0065625,0.0109375
566,0,0.0084375,0.0075,0.01,0.0053125,0.015
567,0,0.0090625,0.00875,0.009375,0.00875,0.0115625
568,0,0.0109375,0.0078125,0.0109375,0.0065625,0.01375
569,0,0.0090625,0.0071875,0.0096875,0.009375,0.014375
570,0,0.013125,0.0128125,0.01,0.0078125,0.016562499
571,0,0.00875,0.010625,0.0103125,0.01,0.0115625
572,0,0.0115625,0.0090625,0.0084375,0.006875,0.015625
573,0,0.0090625,0.0090625,0.008125,0.005625,0.0103125
574,0,0.0071875,0.008125,0.0134375,0.0071875,0.011875
575,0,0.0096875,0.0075,0.0090625,0.006875,0.0128125
576,0,0.0121875,0.0090625,0.0096875,0.0075,0.0075
577,0,0.01,0.0090625,0.008125,0.005625,0.0103125
578,0,0.0128125,0.0103125,0.0134375,0.0084375,0.013125
579,0,0.01,0.0084375,0.0075,0.0075,0.013125
580,0,0.008125,0.01375,0.0096875,0.0075,0.015
581,0,0.008125,0.0075,0.013125,0.0084375,0.010625
582,0,0.013125,0.0103125,0.0096875,0.00625,0.01125
583,0,0.0084375,0.0071875,0.0096875,0.0075,0.0078125
584,0,0.0084375,0.00875,0.0096875,0.0071875,0.01
585,0,0.008125,0.0084375,0.01125,0.0053125,0.0103125
586,0,0.008125,0.0084375,0.009375,0.005,0.0103125
587,0,0.0078125,0.0090625,0.0084375,0.0078125,0.008125
588,0,0.0096875,0.01125,0.0075,0.0084375,0.01125
589,0,0.0096875,0.01,0.0090625,0.0103125,0.011875
590,0,0.0084375,0.0121875,0.01125,0.00625,0.0078125
591,0,0.011875,0.01,0.004375,0.0071875,0.01125
592,0,0.0071875,0.01,0.0121875,0.0065625,0.00875
593,0,0.0084375,0.0125,0.01125,0.01,0.0078125
594,0,0.006875,0.0103125,0.0078125,0.0078125,0.0090625
595,0,0.00875,0.0103125,0.0096875,0.0090625,0.0071875
596,0,0.010625,0.0065625,0.008125,0.0084375,0.01
597,0,0.009375,0.0115625,0.009375,0.008125,0.01125
598,0,0.009375,0.0109375,0.0090625,0.0059375,0.008125
599,0,0.006875,0.0084375,0.0084375,0.0078125,0.00875
600,0,0.0103125,0.0090625,0.005,0.0071875,0.009375
601,0,0.01,0.013125,0.0075,0.0040625,0.00875
602,0,0.00875,0.01,0.008125,0.008125,0.0071875
603,0,0.0090625,0.009375,0.00875,0.0053125,0.00875
604,0,0.01,0.010625,0.0059375,0.0059375,0.0071875
605,0,0.009375,0.0140625,0.006875,0.0071875,0.0109375
606,0,0.011875,0.009375,0.0065625,0.0071875,0.0090625
607,0,0.009375,0.0115625,0.0071875,0.0059375,0.01
608,0,0.006875,0.010625,0.0053125,0.0046875,0.01
609,0,0.00875,0.0075,0.00625,0.0065625,0.0078125
610,0,0.0065625,0.0096875,0.008125,0.0065625,0.0046875
611,0,0.006875,0.01125,0.00625,0.0075,0.010625
612,0,0.008125,0.009375,0.0090625,0.0059375,0.006875
613,0,0.010625,0.013125,0.0078125,0.0040625,0.0071875
614,0,0.0125,0.0109375,0.0034375,0.005,0.0084375
615,0,0.008125,0.0115625,0.0053125,0.0053125,0.00875
616,0,0.0096875,0.008125,0.005625,0.0034375,0.0103125
617,0,0.011875,0.009375,0.0078125,0.00625,0.008125
618,0,0.0115625,0.01125,0.0046875,0.0065625,0.01
619,0,0.01375,0.0103125,0.00625,0.0075,0.005625
620,0,0.0078125,0.0115625,0.005,0.0053125,0.009375
621,0,0.0090625,0.01125,0.0065625,0.0071875,0.0096875
622,0,0.01375,0.010625,0.00375,0.005,0.008125
623,0,0.01375,0.01125,0.0059375,0.0046875,0.006875
624,0,0.0128125,0.0065625,0.0071875,0.0075,0.0065625
625,0,0.01125,0.0128125,0.005,0.00625,0.0059375
626,0,0.010625,0.0128125,0.00875,0.0090625,0.0071875
627,0,0.009375,0.0103125,0.005,0.0075,0.008125
628,0,0.01125,0.0103125,0.0040625,0.00625,0.009375
629,0,0.01375,0.008125,0.0075,0.0040625,0.0065625
630,0,0.0128125,0.013125,0.0053125,0.00625,0.005
631,0,0.0109375,0.0128125,0.00375,0.004375,0.00625
632,0,0.01,0.0103125,0.0078125,0.0075,0.0046875
633,0,0.0125,0.0128125,0.005625,0.0046875,0.0065625
634,0,0.0078125,0.0103125,0.00625,0.004375,0.0059375
635,0,0.0103125,0.0096875,0.005,0.005625,0.005625
636,0,0.0096875,0.0121875,0.0071875,0.0084375,0.0059375
637,0,0.004375,0.01125,0.0078125,0.0071875,0.004375
638,0,0.009375,0.010625,0.0090625,0.0059375,0.00625
639,0,0.0084375,0.011875,0.0065625,0.0059375,0.0065625
640,0,0.0096875,0.0071875,0.00875,0.01,0.0053125
641,0,0.00625,0.01375,0.0071875,0.0078125,0.003125
642,0,0.00875,0.0146875,0.005,0.0065625,0.005625
643,0,0.0109375,0.0090625,0.006875,0.005625,0.0046875
644,0,0.01125,0.0159375,0.008125,0.0065625,0.00625
645,0,0.0109375,0.0096875,0.0084375,0.008125,0.0034375
646,0,0.010625,0.010625,0.0075,0.0065625,0.0059375
647,0,0.01,0.0125,0.0078125,0.004375,0.0071875
648,0,0.0096875,0.0125,0.00875,0.0075,0.0040625
649,0,0.0078125,0.0121875,0.0084375,0.006875,0.00875
650,0,0.01125,0.0134375,0.0084375,0.0053125,0.00375
651,0,0.01125,0.0103125,0.0078125,0.0053125,0.0075
652,0,0.011875,0.0096875,0.009375,0.0053125,0.0046875
653,0,0.0084375,0.013125,0.0096875,0.008125,0.006875
654,0,0.0103125,0.0125,0.01,0.0071875,0.00875
655,0,0.0125,0.01,0.0090625,0.008125,0.0078125
656,0,0.01,0.0071875,0.008125,0.0065625,0.0078125
657,0,0.0090625,0.00625,0.0096875,0.0071875,0.006875
658,0,0.015625,0.0134375,0.0065625,0.00625,0.005625
659,0,0.01125,0.00875,0.006875,0.0071875,0.00875
660,0,0.0090625,0.010625,0.00625,0.0071875,0.0103125
661,0,0.00875,0.011875,0.01,0.0090625,0.0109375
662,0,0.010625,0.011875,0.00875,0.0071875,0.009375
663,0,0.0075,0.01,0.0065625,0.0084375,0.01
664,0,0.0109375,0.01,0.006875,0.0040625,0.0140625
665,0,0.009375,0.011875,0.0078125,0.00625,0.0121875
666,0,0.01375,0.00875,0.0084375,0.00375,0.0115625
667,0,0.01125,0.0115625,0.010625,0.005625,0.00875
668,0,0.0096875,0.01,0.008125,0.009375,0.0078125
669,0,0.01,0.01,0.00875,0.0065625,0.00625
670,0,0.010625,0.0115625,0.0090625,0.00875,0.0078125
671,0,0.0109375,0.0096875,0.009375,0.0065625,0.008125
672,0,0.0084375,0.01,0.009375,0.0065625,0.0078125
673,0,0.010625,0.0115625,0.0071875,0.0059375,0.0071875
674,0,0.0084375,0.0084375,0.00875,0.00375,0.0065625
675,0,0.0134375,0.0109375,0.0103125,0.0053125,0.0103125
676,0,0.0115625,0.010625,0.008125,0.006875,0.0090625
677,0,0.0121875,0.009375,0.0084375,0.006875,0.010625
678,0,0.0103125,0.010625,0.00875,0.0053125,0.0103125
679,0,0.011875,0.0090625,0.0109375,0.005625,0.010625
680,0,0.0065625,0.0096875,0.0090625,0.0078125,0.0075
681,0,0.0103125,0.0084375,0.0078125,0.0059375,0.008125
682,0,0.011875,0.0071875,0.0103125,0.0059375,0.005625
683,0,0.010625,0.015,0.00875,0.006875,0.0090625
684,0,0.010625,0.008125,0.0078125,0.0075,0.006875
685,0,0.0078125,0.010625,0.0109375,0.006875,0.0084375
686,0,0.0109375,0.009375,0.011875,0.0046875,0.006875
687,0,0.01125,0.0115625,0.0078125,0.0071875,0.0071875
688,0,0.0128125,0.013125,0.010625,0.006875,0.006875
689,0,0.0121875,0.01,0.013125,0.0065625,0.0040625
690,0,0.010625,0.0103125,0.01,0.0075,0.0078125
691,0,0.0109375,0.0121875,0.010625,0.0071875,0.0028125
692,0,0.0121875,0.0075,0.0125,0.00625,0.0040625
693,0,0.0128125,0.0103125,0.01125,0.0065625,0.0065625
694,0,0.0115625,0.00875,0.01,0.0059375,0.0078125
695,0,0.0121875,0.0075,0.01,0.01,0.00625
696,0,0.01,0.009375,0.010625,0.0078125,0.00625
697,0,0.0115625,0.0103125,0.0109375,0.0084375,0.01125
698,0,0.0121875,0.00875,0.01,0.00625,0.0075
699,0,0.0090625,0.01,0.00875,0.00875,0.0090625
700,0,0.0115625,0.0059375,0.01,0.0071875,0.0096875
701,0,0.00875,0.0084375,0.0121875,0.0084375,0.009375
702,0,0.009375,0.01375,0.00875,0.0084375,0.0090625
703,0,0.006875,0.0125,0.0121875,0.0075,0.004375
704,0,0.009375,0.00875,0.0096875,0.0090625,0.0075
705,0,0.0078125,0.0090625,0.015625,0.0084375,0.003125
706,0,0.0115625,0.005625,0.01375,0.0075,0.005625
707,0,0.010625,0.013125,0.009375,0.00875,0.0065625
708,0,0.0146875,0.00875,0.0109375,0.0075,0.0059375
709,0,0.011875,0.00875,0.010625,0.00625,0.00375
710,0,0.01,0.0109375,0.01,0.00875,0.0034375
711,0,0.011875,0.0090625,0.0125,0.00875,0.0040625
712,0,0.0075,0.0071875,0.010625,0.0071875,0.0046875
713,0,0.0084375,0.013125,0.0096875,0.005,0.0046875
714,0,0.0115625,0.0078125,0.0090625,0.0090625,0.0053125
715,0,0.0103125,0.0084375,0.0090625,0.008125,0.0040625
716,0,0.0084375,0.008125,0.008125,0.0090625,0.0059375
717,0,0.0128125,0.00875,0.0096875,0.00625,0.005
718,0,0.0125,0.0065625,0.0109375,0.0090625,0.0065625
719,0,0.009375,0.009375,0.0078125,0.0084375,0.00625
720,0,0.0096875,0.01125,0.010625,0.0075,0.0046875
721,0,0.0128125,0.011875,0.0071875,0.0103125,0.0059375
722,0,0.013125,0.0075,0.00875,0.0084375,0.006875
723,0,0.00875,0.0078125,0.0125,0.0084375,0.0046875
724,0,0.0125,0.0084375,0.0109375,0.0090625,0.0065625
725,0,0.010625,0.01,0.008125,0.010625,0.0059375
726,0,0.008125,0.011875,0.0075,0.0090625,0.008125
727,0,0.0109375,0.00625,0.01,0.0075,0.004375
728,0,0.01,0.0078125,0.009375,0.0071875,0.005625
729,0,0.010625,0.0096875,0.009375,0.00875,0.005
730,0,0.0121875,0.009375,0.009375,0.0096875,0.004375
731,0,0.0103125,0.005625,0.00875,0.008125,0.00625
732,0,0.0103125,0.0078125,0.0075,0.00625,0.0078125
733,0,0.0109375,0.00625,0.0096875,0.009375,0.0046875
734,0,0.011875,0.00875,0.01125,0.009375,0.00625
735,0,0.010625,0.011875,0.0075,0.009375,0.0059375
736,0,0.0125,0.010625,0.008125,0.0071875,0.0071875
737,0,0.010625,0.0084375,0.0096875,0.003125,0.0109375
738,0,0.01,0.00875,0.00875,0.00375,0.00625
739,0,0.01125,0.0084375,0.005,0.008125,0.006875
740,0,0.0103125,0.0084375,0.0096875,0.006875,0.009375
741,0,0.0128125,0.0096875,0.009375,0.01125,0.00875
742,0,0.01,0.006875,0.009375,0.005625,0.00625
743,0,0.01,0.0084375,0.008125,0.0084375,0.00875
744,0,0.010625,0.010625,0.00875,0.0078125,0.0071875
745,0,0.0103125,0.0078125,0.0046875,0.0121875,0.0059375
746,0,0.0134375,0.01,0.009375,0.0090625,0.0084375
747,0,0.008125,0.00875,0.008125,0.008125,0.009375
748,0,0.0125,0.0096875,0.0053125,0.01,0.0046875
749,0,0.0115625,0.0103125,0.009375,0.0090625,0.006875
750,0,0.0121875,0.0084375,0.011875,0.009375,0.0053125
751,0,0.0125,0.0084375,0.0096875,0.0096875,0.005625
752,0,0.0090625,0.0090625,0.006875,0.0103125,0.0075
753,0,0.0071875,0.01,0.0084375,0.0078125,0.004375
754,0,0.011875,0.009375,0.0084375,0.0096875,0.004375
755,0,0.0103125,0.009375,0.0078125,0.0065625,0.004375
756,0,0.0096875,0.00875,0.0053125,0.01,0.005
757,0,0.0103125,0.008125,0.0084375,0.009375,0.005
758,0,0.009375,0.011875,0.008125,0.011875,0.0078125
759,0,0.0109375,0.01,0.0084375,0.0096875,0.0078125
760,0,0.0103125,0.0065625,0.0084375,0.01125,0.0059375
761,0,0.0103125,0.011875,0.005625,0.0125,0.0075
762,0,0.0125,0.0059375,0.0078125,0.0115625,0.008125
763,0,0.0125,0.0071875,0.0071875,0.0109375,0.0059375
764,0,0.0115625,0.005625,0.0075,0.011875,0.00875
765,0,0.0121875,0.0084375,0.0071875,0.014375,0.00625
766,0,0.010625,0.0053125,0.005625,0.01,0.0059375
767,0,0.0103125,0.009375,0.0096875,0.0103125,0.0078125
768,0,0.0103125,0.01,0.0053125,0.009375,0.00875
769,0,0.0084375,0.0084375,0.00875,0.0084375,0.0096875
770,0,0.0121875,0.0071875,0.008125,0.0096875,0.0065625
771,0,0.0121875,0.0078125,0.00875,0.0075,0.006875
772,0,0.0115625,0.0096875,0.005,0.0090625,0.0103125
773,0,0.009375,0.0078125,0.008125,0.010625,0.0096875
774,0,0.0109375,0.00875,0.0046875,0.0096875,0.0084375
775,0,0.01375,0.010625,0.0103125,0.010625,0.0071875
776,0,0.0084375,0.0090625,0.0109375,0.0103125,0.0075
778,0,0.01125,0.0140625,0.0103125,0.0121875,0.0065625
779,0,0.0090625,0.0075,0.00875,0.0146875,0.0084375
780,0,0.0134375,0.0096875,0.0065625,0.00875,0.0078125
781,0,0.011875,0.0075,0.00875,0.0128125,0.00875
782,0,0.0125,0.00875,0.0065625,0.0071875,0.0103125
783,0,0.0103125,0.0075,0.006875,0.0103125,0.00625
784,0,0.01375,0.0121875,0.0090625,0.014375,0.0075
785,0,0.010625,0.0075,0.0090625,0.010625,0.0071875
786,0,0.0128125,0.0084375,0.0103125,0.00875,0.0084375
787,0,0.01125,0.0103125,0.00625,0.010625,0.0090625
788,0,0.008125,0.0075,0.008125,0.01375,0.0065625
789,0,0.0125,0.00625,0.0109375,0.01,0.006875
790,0,0.0125,0.0071875,0.0065625,0.0128125,0.006875
791,0,0.00875,0.010625,0.00875,0.00875,0.005625
792,0,0.0115625,0.0084375,0.0109375,0.0115625,0.0075
793,0,0.01125,0.0059375,0.0065625,0.01125,0.0084375
794,0,0.01375,0.005625,0.0071875,0.01,0.009375
795,0,0.0121875,0.00625,0.0084375,0.0121875,0.0075
796,0,0.011875,0.0103125,0.0134375,0.0115625,0.00625
797,0,0.0115625,0.0109375,0.010625,0.01125,0.0075
798,0,0.0096875,0.0090625,0.00875,0.0115625,0.010625
799,0,0.0121875,0.00625,0.008125,0.0121875,0.010625
800,0,0.01,0.00875,0.005625,0.0075,0.0096875
801,0,0.010625,0.0078125,0.008125,0.0121875,0.00625
802,0,0.01,0.01,0.006875,0.0065625,0.0046875
803,0,0.0103125,0.0103125,0.010625,0.0115625,0.005
804,0,0.0128125,0.009375,0.00625,0.01,0.0090625
805,0,0.0121875,0.0078125,0.006875,0.0125,0.0078125
806,0,0.0103125,0.0096875,0.01,0.008125,0.006875
807,0,0.01,0.00625,0.00625,0.010625,0.0103125
808,0,0.0134375,0.0096875,0.0059375,0.009375,0.005625
809,0,0.008125,0.0084375,0.0109375,0.01375,0.0046875
810,0,0.0096875,0.0075,0.005625,0.0075,0.01
811,0,0.010625,0.0090625,0.0065625,0.01125,0.005
812,0,0.010625,0.0090625,0.006875,0.01,0.0053125
813,0,0.0146875,0.006875,0.0059375,0.0109375,0.005
814,0,0.013125,0.0084375,0.0053125,0.0084375,0.0046875
815,0,0.0125,0.0090625,0.0090625,0.008125,0.005625
816,0,0.0146875,0.0090625,0.0075,0.01,0.0021875
817,0,0.0125,0.00875,0.0021875,0.0115625,0.0040625
818,0,0.011875,0.0065625,0.0059375,0.011875,0.001875
819,0,0.01125,0.008125,0.00875,0.0084375,0.003125
820,0,0.01375,0.0121875,0.0075,0.0125,0.005
821,0,0.0125,0.006875,0.006875,0.0125,0.0053125
822,0,0.0125,0.0071875,0.0109375,0.0125,0.0028125
823,0,0.0134375,0.010625,0.01,0.0075,0.0046875
824,0,0.011875,0.00875,0.0053125,0.008125,0.004375
825,0,0.0128125,0.006875,0.0071875,0.0103125,0.0034375
826,0,0.0090625,0.009375,0.0090625,0.009375,0.0053125
827,0,0.011875,0.0075,0.0078125,0.0084375,0.0040625
828,0,0.0065625,0.0078125,0.010625,0.011875,0.004375
829,0,0.0140625,0.0071875,0.0103125,0.0115625,0.0071875
830,0,0.0096875,0.0053125,0.00875,0.01125,0.0040625
831,0,0.0090625,0.0103125,0.006875,0.0103125,0.0053125
832,0,0.0115625,0.0109375,0.0090625,0.01125,0.005
833,0,0.01,0.008125,0.008125,0.0121875,0.00375
834,0,0.009375,0.0078125,0.00875,0.0084375,0.003125
835,0,0.0096875,0.008125,0.0090625,0.00875,0.00375
836,0,0.01,0.0128125,0.0084375,0.01,0.00375
837,0,0.0115625,0.0075,0.00875,0.0084375,0.004375
838,0,0.0115625,0.0096875,0.0084375,0.010625,0.0028125
839,0,0.0140625,0.008125,0.0078125,0.009375,0.00375
840,0,0.0103125,0.0078125,0.01,0.00875,0.0021875
841,0,0.0128125,0.0090625,0.00875,0.009375,0.004375
842,0,0.0128125,0.0059375,0.0109375,0.01,0.004375
843,0,0.0115625,0.00875,0.01,0.0071875,0.005
844,0,0.0121875,0.0128125,0.0075,0.0109375,0.005
845,0,0.0090625,0.0103125,0.00875,0.0109375,0.0046875
846,0,0.0121875,0.0053125,0.00625,0.009375,0.004375
847,0,0.01125,0.0096875,0.016249999,0.0115625,0.004375
848,0,0.0115625,0.0125,0.008125,0.0090625,0.004375
849,0,0.0103125,0.008125,0.0071875,0.008125,0.00375
850,0,0.0140625,0.008125,0.0071875,0.0121875,0.0059375
851,0,0.011875,0.0115625,0.013125,0.01,0.00625
852,0,0.0103125,0.0084375,0.0109375,0.009375,0.0046875
853,0,0.0121875,0.0078125,0.0075,0.01125,0.003125
854,0,0.0053125,0.01125,0.0078125,0.011875,0.0053125
855,0,0.0103125,0.01125,0.005,0.0096875,0.005
856,0,0.008125,0.0065625,0.0084375,0.01125,0.0059375
857,0,0.01375,0.0109375,0.0096875,0.008125,0.0034375
858,0,0.0125,0.013125,0.008125,0.0078125,0.003125
859,0,0.00875,0.010625,0.0096875,0.0075,0.0040625
860,0,0.0109375,0.009375,0.0071875,0.0071875,0.0021875
861,0,0.0078125,0.00625,0.009375,0.0115625,0.00375
862,0,0.0146875,0.0090625,0.0096875,0.00875,0.0034375
863,0,0.0125,0.00875,0.01125,0.0109375,0.00375
865,0,0.01125,0.00875,0.0071875,0.008125,0.0046875
866,0,0.0109375,0.0075,0.0053125,0.0090625,0.005
867,0,0.0078125,0.00625,0.008125,0.0103125,0.0053125
868,0,0.0096875,0.00875,0.00875,0.0103125,0.0053125
869,0,0.0109375,0.010625,0.00875,0.0096875,0.0040625
870,0,0.011875,0.008125,0.0084375,0.0109375,0.0046875
871,0,0.009375,0.0109375,0.0084375,0.00625,0.0015625
872,0,0.01125,0.00875,0.00875,0.005,0.005625
873,0,0.01,0.0053125,0.006875,0.0065625,0.0034375
874,0,0.008125,0.0109375,0.009375,0.010625,0.00375
875,0,0.0134375,0.013125,0.013125,0.008125,0.004375
876,0,0.010625,0.0096875,0.0084375,0.00875,0.0053125
877,0,0.0146875,0.009375,0.00875,0.005625,0.0034375
878,0,0.010625,0.0075,0.0090625,0.0078125,0.0021875
879,0,0.0115625,0.0103125,0.0115625,0.00875,0.0025
880,0,0.0153125,0.0078125,0.00875,0.0109375,0.00375
881,0,0.0090625,0.0096875,0.0115625,0.0065625,0.00625
882,0,0.0096875,0.0065625,0.009375,0.0096875,0.001875
883,0,0.00875,0.01125,0.0096875,0.0071875,0.0053125
884,0,0.0109375,0.0078125,0.01,0.0065625,0.005
885,0,0.0134375,0.0071875,0.009375,0.009375,0.0040625
886,0,0.01,0.00875,0.0115625,0.0065625,0.005625
887,0,0.0071875,0.0071875,0.0090625,0.0075,0.0059375
888,0,0.010625,0.0071875,0.010625,0.0053125,0.005625
889,0,0.010625,0.010625,0.014375,0.0071875,0.00375
890,0,0.0109375,0.0121875,0.0121875,0.008125,0.0053125
891,0,0.011875,0.01,0.010625,0.0071875,0.0065625
892,0,0.0090625,0.01,0.0115625,0.0084375,0.0053125
893,0,0.0103125,0.0096875,0.0134375,0.0090625,0.0053125
894,0,0.0103125,0.0115625,0.0153125,0.01,0.0040625
895,0,0.01125,0.009375,0.0128125,0.0059375,0.004375
896,0,0.0115625,0.0071875,0.0115625,0.01,0.004375
897,0,0.0125,0.0109375,0.015,0.0071875,0.0046875
898,0,0.01125,0.0096875,0.0115625,0.006875,0.00375
899,0,0.010625,0.013125,0.015,0.008125,0.0034375
900,0,0.0084375,0.01125,0.0140625,0.006875,0.0046875
901,0,0.015,0.011875,0.015625,0.0065625,0.005
902,0,0.01375,0.00875,0.0115625,0.00625,0.0025
903,0,0.010625,0.0084375,0.015625,0.0090625,0.0071875
904,0,0.0059375,0.0090625,0.013125,0.005625,0.0065625
905,0,0.0075,0.0096875,0.0153125,0.0078125,0.0040625
906,0,0.011875,0.0146875,0.0153125,0.006875,0.0053125
907,0,0.0090625,0.0115625,0.0121875,0.0053125,0.0075
908,0,0.0075,0.00875,0.010625,0.008125,0.005625
909,0,0.0121875,0.0115625,0.01,0.004375,0.0053125
910,0,0.010625,0.0096875,0.01375,0.0040625,0.005625
911,0,0.0075,0.0075,0.013125,0.00625,0.0053125
912,0,0.01125,0.0075,0.016562499,0.0071875,0.005625
913,0,0.0109375,0.01,0.0128125,0.0059375,0.0065625
915,0,0.0103125,0.0065625,0.0159375,0.0096875,0.0034375
916,0,0.0071875,0.008125,0.0115625,0.006875,0.005
917,0,0.0071875,0.010625,0.0121875,0.005625,0.0028125
918,0,0.0134375,0.0109375,0.01125,0.008125,0.0046875
919,0,0.0071875,0.0134375,0.011875,0.0040625,0.0084375
920,0,0.01125,0.0084375,0.0125,0.009375,0.0065625
921,0,0.0078125,0.010625,0.011875,0.0071875,0.005625
922,0,0.01,0.015,0.015,0.0075,0.0053125
923,0,0.0096875,0.010625,0.0128125,0.004375,0.005625
924,0,0.0084375,0.01,0.0128125,0.01,0.0040625
925,0,0.009375,0.00875,0.0153125,0.00625,0.005
926,0,0.0090625,0.0059375,0.0134375,0.005625,0.004375
927,0,0.008125,0.0075,0.010625,0.0075,0.0040625
928,0,0.00875,0.0096875,0.010625,0.0046875,0.005625
929,0,0.0096875,0.0078125,0.0109375,0.00625,0.005625
930,0,0.0103125,0.0096875,0.0090625,0.0078125,0.0065625
931,0,0.008125,0.0071875,0.0128125,0.0071875,0.005625
932,0,0.009375,0.006875,0.013125,0.0059375,0.006875
933,0,0.0090625,0.011875,0.0109375,0.0071875,0.0040625
934,0,0.0071875,0.0096875,0.010625,0.0065625,0.0065625
935,0,0.0103125,0.0096875,0.0115625,0.0071875,0.0059375
936,0,0.009375,0.005625,0.01375,0.005625,0.006875
937,0,0.0084375,0.009375,0.0153125,0.009375,0.0059375
938,0,0.0065625,0.01,0.014375,0.006875,0.004375
939,0,0.0071875,0.0121875,0.015,0.005625,0.005625
940,0,0.0065625,0.0090625,0.0125,0.00375,0.004375
941,0,0.01125,0.0103125,0.010625,0.00875,0.005625
942,0,0.01,0.0096875,0.0125,0.0084375,0.0046875
943,0,0.01,0.01125,0.0109375,0.0071875,0.0046875
944,0,0.0115625,0.01125,0.01125,0.0075,0.0078125
945,0,0.0096875,0.0071875,0.0140625,0.0059375,0.0078125
946,0,0.0075,0.008125,0.0096875,0.0065625,0.004375
947,0,0.0071875,0.0103125,0.0090625,0.0053125,0.0053125
948,0,0.0084375,0.0096875,0.014375,0.008125,0.005
949,0,0.0109375,0.0103125,0.0103125,0.00375,0.00625
950,0,0.00875,0.009375,0.0115625,0.006875,0.004375
951,0,0.0096875,0.0078125,0.01,0.0065625,0.005625
952,0,0.010625,0.0096875,0.01,0.005625,0.00625
953,0,0.00875,0.0103125,0.0115625,0.005,0.004375
954,0,0.00875,0.0103125,0.0125,0.00625,0.0034375
955,0,0.0090625,0.00875,0.015625,0.005,0.0059375
956,0,0.0109375,0.0084375,0.00875,0.0065625,0.003125
957,0,0.0090625,0.009375,0.0128125,0.0059375,0.005625
958,0,0.008125,0.0096875,0.0125,0.0053125,0.006875
959,0,0.0071875,0.0090625,0.0140625,0.0090625,0.005
960,0,0.0078125,0.01,0.0125,0.0071875,0.005625
961,0,0.01,0.01125,0.0175,0.0090625,0.00625
962,0,0.0096875,0.0109375,0.0146875,0.006875,0.0046875
963,0,0.0103125,0.01125,0.0134375,0.00625,0.0046875
964,0,0.00625,0.01,0.0140625,0.0078125,0.005
965,0,0.0109375,0.00875,0.0109375,0.009375,0.0046875
966,0,0.0090625,0.009375,0.01125,0.0084375,0.0053125
967,0,0.0115625,0.0090625,0.0140625,0.004375,0.0053125
968,0,0.00875,0.01,0.0128125,0.005625,0.004375
969,0,0.005625,0.0121875,0.0125,0.0059375,0.005
970,0,0.00875,0.0075,0.0103125,0.0059375,0.0053125
971,0,0.0065625,0.009375,0.0140625,0.006875,0.0065625
972,0,0.0075,0.01,0.01125,0.0096875,0.005
973,0,0.0084375,0.011875,0.013125,0.009375,0.0046875
974,0,0.00875,0.01,0.0153125,0.0046875,0.005
975,0,0.0084375,0.00875,0.014375,0.0071875,0.0065625
976,0,0.0084375,0.009375,0.01125,0.0078125,0.0040625
977,0,0.0084375,0.0109375,0.0103125,0.005,0.0046875
978,0,0.01125,0.0103125,0.0053125,0.00875,0.0053125
979,0,0.0096875,0.0109375,0.0096875,0.0075,0.00625
980,0,0.00625,0.0109375,0.015625,0.005,0.005
981,0,0.009375,0.0090625,0.0128125,0.0071875,0.006875
982,0,0.0103125,0.0103125,0.009375,0.008125,0.0084375
983,0,0.00625,0.0084375,0.0121875,0.0071875,0.0028125
984,0,0.0090625,0.01125,0.01125,0.008125,0.005
985,0,0.00625,0.0071875,0.01125,0.0084375,0.0059375
986,0,0.00875,0.01125,0.0134375,0.0065625,0.0065625
987,0,0.0084375,0.00875,0.01,0.0090625,0.006875
988,0,0.0121875,0.010625,0.0078125,0.0065625,0.0059375
989,0,0.01,0.005,0.00875,0.0084375,0.0053125
990,0,0.005625,0.0075,0.0084375,0.005625,0.005625
991,0,0.0078125,0.010625,0.0128125,0.0078125,0.0078125
992,0,0.0071875,0.008125,0.0125,0.008125,0.00875
993,0,0.0084375,0.009375,0.0121875,0.0078125,0.0071875
994,0,0.006875,0.0121875,0.01125,0.009375,0.004375
995,0,0.010625,0.0075,0.0090625,0.006875,0.005
996,0,0.01,0.00875,0.0121875,0.006875,0.0059375
997,0,0.0075,0.0109375,0.0090625,0.00875,0.0075
998,0,0.0096875,0.0103125,0.0109375,0.0065625,0.005
999,0,0.0096875,0.009375,0.0128125,0.0096875,0.0059375
1000,0,0.009375,0.00875,0.0128125,0.00875,0.006875
0,0.005,0.006875,0.0096875,0.011875,0.0075,0.005625
1,0.0053125,0.008125,0.0065625,0.0096875,0.009375,0.0065625
2,0.006875,0.0078125,0.0103125,0.0146875,0.0115625,0.0075
3,0.0059375,0.0059375,0.0059375,0.0103125,0.0065625,0.005
4,0.0096875,0.0090625,0.01,0.0096875,0.0075,0.0078125
5,0.0071875,0.0065625,0.005625,0.0075,0.00625,0.0065625
