Step,Value 1,Value2,Value3,Value4,Value5,Value6
0,0.090312503,0.141562507,0.090625003,0.100625001,0.104374997,0.09375
1,0.102499999,0.158437505,0.087187499,0.118437499,0.092500001,0.100312501
2,,0.287499994,0.088749997,0.108437501,0.100000001,0.108125001
3,,0.495937496,0.102812499,0.115625001,0.125624999,0.099687502
4,,0.635312498,0.100625001,0.131249994,0.118437499,0.093125001
5,,0.714687526,0.125312507,0.137187496,0.112187497,0.08625
6,,0.761250019,0.142187506,0.119687498,0.123437501,0.083437502
7,,0.792187512,0.166562498,0.133125007,0.129999995,0.078749999
8,,0.790312529,0.168437496,0.122187503,0.134062499,0.085000001
9,,0.819062471,0.194999993,0.123125002,0.135625005,0.069375001
10,,0.81468749,0.237187505,0.126249999,0.136562496,0.0703125
11,,0.823125005,0.307187498,0.118437499,0.145312503,0.067812502
12,,0.83812499,0.403124988,0.125,0.136250004,0.075000003
13,,0.842187524,0.482812494,0.112499997,0.142187506,0.071874999
14,,0.851249993,0.534687519,0.1246875,0.133750007,0.078125
15,,0.856562495,0.584375024,0.115937501,0.139687493,0.087187499
16,,0.852187514,0.596875012,0.106562503,0.137812495,0.108437501
17,,0.864374995,0.626562476,0.137500003,0.154687494,0.114062503
18,,0.852812529,0.635625005,0.127187505,0.144062504,0.115312502
19,,0.858437479,0.658749998,0.126249999,0.136250004,0.119687498
20,,0.854687512,0.665000021,0.109999999,0.147812501,0.133750007
21,,0.870000005,0.696874976,0.123750001,0.145312503,0.138750002
22,,0.865312517,0.711250007,0.136562496,0.129374996,0.136250004
23,,0.880937517,0.718124986,0.138125002,0.135312498,0.134062499
24,,0.868437529,0.730312526,0.163749993,0.144687504,0.150312498
25,,0.889062524,0.733749986,0.153125003,0.145624995,0.15625
26,,0.881562471,0.751250029,0.145937502,0.154375002,0.160624996
27,,0.872187495,0.758750021,0.158437505,0.150937498,0.160937503
28,,0.88499999,0.755312502,0.176562503,0.137500003,0.158437505
29,,0.879374981,0.782500029,0.175624996,0.15625,0.161874995
30,,0.886562526,0.775312483,0.175624996,0.150937498,0.164375007
31,,0.891250014,0.780312479,0.212187499,0.147812501,0.160624996
32,,0.8828125,0.792187512,0.224999994,0.150312498,0.15625
33,,0.893437505,0.78343749,0.264999986,0.142812505,0.1640625
34,,0.880937517,0.786249995,0.29468751,0.146562502,0.170000002
35,,0.880937517,0.798749983,0.344062507,0.159062505,0.155937493
36,,0.893124998,0.796875,0.383437514,0.138750002,0.165625006
37,,0.889687479,0.789375007,0.401562512,0.152500004,0.165312499
38,,0.894062519,0.8046875,0.420625001,0.162812501,0.167187497
39,,0.892187476,0.802812517,0.456562489,0.159687504,0.165625006
40,,0.888750017,0.802187502,0.444999993,0.149375007,0.176562503
41,,0.901250005,0.805312514,0.458437502,0.150000006,0.161249995
42,,0.891562521,0.798125029,0.474687487,0.150937498,0.171250001
43,,0.889374971,0.810937524,0.489062488,0.152500004,0.167812496
44,,0.889999986,0.805312514,0.501250029,0.161249995,0.158437505
45,,0.892187476,0.801874995,0.504062474,0.168750003,0.166250005
46,,0.899999976,0.810000002,0.508437514,0.169375002,0.162499994
47,,0.896875024,0.819687486,0.523750007,0.161562502,0.169062495
48,,0.900312483,0.824374974,0.51343751,0.162187502,0.178749993
49,,0.89281249,0.835624993,0.544375002,0.170937493,0.178749993
50,,0.897187471,0.822812498,0.550312519,0.158749998,0.169375002
51,,0.893124998,0.8203125,0.557500005,0.171250001,0.169062495
52,,0.889374971,0.829062521,0.572812498,0.160312504,0.169062495
53,,0.894999981,0.829375029,0.571250021,0.165625006,0.174062505
54,,0.906562507,0.834375024,0.570937514,0.166875005,0.163124993
55,,0.905312479,0.834999979,0.578750014,0.149687499,0.177187502
56,,0.909375012,0.83375001,0.582187474,0.159687504,0.175937504
57,,0.903124988,0.835624993,0.594375014,0.166875005,0.181562498
58,,0.907500029,0.854375005,0.589687526,0.166562498,0.176249996
59,,0.901562512,0.845624983,0.599687517,0.173124999,0.173437506
60,,0.896562517,0.852500021,0.606249988,0.168750003,0.175937504
61,,0.903437495,0.853437483,0.610937476,0.168125004,0.168750003
62,,0.915000021,0.852500021,0.602812529,0.176562503,0.170000002
63,,0.907187521,0.850000024,0.620937526,0.175312504,0.171562493
64,,0.909062505,0.850312471,0.619687498,0.170000002,0.177187502
65,,0.8984375,0.851875007,0.633437514,0.169375002,0.176874995
66,,0.909687519,0.848749995,0.647187471,0.185312495,0.184062496
67,,0.906562507,0.851875007,0.634687483,0.189062506,0.176874995
68,,0.906875014,0.849687517,0.6484375,0.168750003,0.184375003
69,,0.907812476,0.850937486,0.665937483,0.165000007,0.174062505
70,,0.915000021,0.848749995,0.667500019,0.172499999,0.180000007
71,,0.914375007,0.8515625,0.672812521,0.174687505,0.183125004
72,,0.915000021,0.854062498,0.668124974,0.184687495,0.172187507
73,,0.907500029,0.856562495,0.677187502,0.183750004,0.179374993
74,,0.900312483,0.858437479,0.6796875,0.187187493,0.166875005
75,,0.9140625,0.855624974,0.694687486,0.188124999,0.171875
76,,0.910937488,0.86500001,0.689999998,0.174999997,0.186875001
77,,0.917812526,0.862500012,0.700625002,0.181562498,0.172812507
78,,0.902187526,0.86500001,0.701874971,0.185625002,0.186562493
79,,0.918124974,0.863125026,0.715312481,0.190624997,0.184375003
80,,0.911249995,0.853124976,0.725000024,0.186875001,0.168437496
81,,0.914687514,0.870312512,0.70531249,0.191562504,0.168437496
82,,0.912812471,0.870312512,0.731562495,0.180312499,0.182187498
83,,0.915937483,0.855312526,0.731562495,0.180000007,0.178124994
84,,0.912500024,0.874374986,0.721875012,0.192187503,0.172187507
85,,0.913124979,0.859375,0.726249993,0.180625007,0.177812502
86,,0.918749988,0.862500012,0.730937481,0.193437502,0.174687505
87,,0.918437481,0.865312517,0.740625024,0.185312495,0.175937504
88,,0.911249995,0.866249979,0.738437474,0.186875001,0.180625007
89,,0.903124988,0.871249974,0.743125021,0.186875001,0.185937494
90,,0.918437481,0.866874993,0.724687517,0.189687505,0.183750004
91,,0.921249986,0.860937476,0.738749981,0.193437502,0.182500005
92,,0.922500014,0.870312512,0.751562476,0.200625002,0.185625002
93,,0.920000017,0.871562481,0.738749981,0.196875006,0.197187498
94,,0.910624981,0.867812514,0.753125012,0.185312495,0.179062501
95,,0.921562493,0.865937471,0.752499998,0.204999998,0.183437496
96,,0.915624976,0.874374986,0.737500012,0.211250007,0.183750004
97,,0.910312474,0.865312517,0.753125012,0.217500001,0.180312499
98,,0.922500014,0.879062474,0.751250029,0.190312505,0.165937498
99,,0.915937483,0.863125026,0.749687493,0.211562499,0.175937504
100,,0.928749979,0.866562486,0.744687498,0.219062507,0.171250001
101,,0.910312474,0.865625024,0.764999986,0.215625003,0.173437506
102,,0.924687505,0.869062483,0.745000005,0.206874996,0.182187498
103,,0.917812526,0.86937499,0.751562476,0.228437498,0.185625002
104,,0.92750001,0.865312517,0.7578125,0.222187504,0.175624996
105,,0.92750001,0.862500012,0.758437514,0.241874993,0.180000007
106,,0.924687505,0.868125021,0.762187481,0.227500007,0.180937499
107,,0.91187501,0.873749971,0.753750026,0.214375004,0.172187507
108,,0.9140625,0.883750021,0.758750021,0.227500007,0.169687495
109,,0.920937479,0.871874988,0.752812505,0.223437503,0.180000007
110,,0.922187507,0.875312507,0.755312502,0.220312506,0.195625007
111,,0.920312524,0.881250024,0.765625,0.224062502,0.184375003
112,,0.914375007,0.874374986,0.762187481,0.233125001,0.173124999
113,,0.916562498,0.870625019,0.760312498,0.237812504,0.185937494
114,,0.92406249,0.869062483,0.770312488,0.234687507,0.190937504
115,,0.920624971,0.885937512,0.7578125,0.253125012,0.180000007
116,,0.923437476,0.876874983,0.769999981,0.248750001,0.184687495
117,,0.927812517,0.873749971,0.773124993,0.2578125,0.186250001
118,,0.926249981,0.880312502,0.772187471,0.245625004,0.185000002
119,,0.92406249,0.873125017,0.771875024,0.245937496,0.185625002
120,,0.920000017,0.877812505,0.770937502,0.25999999,0.184375003
121,,0.924374998,0.872187495,0.770312488,0.255312502,0.180000007
122,,0.922812521,0.881250024,0.766250014,0.276250005,0.185000002
123,,0.925000012,0.881562471,0.760937512,0.255937487,0.170625001
124,,0.925625026,0.884374976,0.770937502,0.261562496,0.189374998
125,,0.930000007,0.882499993,0.782500029,0.268437505,0.190624997
126,,0.925000012,0.881874979,0.790624976,0.290625006,0.185625002
127,,0.926562488,0.881562471,0.77562499,0.295312494,0.182187498
128,,0.930000007,0.879687488,0.771875024,0.3125,0.195625007
129,,0.927812517,0.885625005,0.778124988,0.281562507,0.189374998
130,,0.925312519,0.889687479,0.7734375,0.29468751,0.182812497
131,,0.923437476,0.873125017,0.779999971,0.284375012,0.200625002
132,,0.928749979,0.871562481,0.786249995,0.283749998,0.184375003
133,,0.928125024,0.880937517,0.773124993,0.283125013,0.190937504
134,,0.9140625,0.886874974,0.778437495,0.307812512,0.187187493
135,,0.934374988,0.879999995,0.794375002,0.308124989,0.184687495
136,,0.925000012,0.891250014,0.782500029,0.305000007,0.194374993
137,,0.934687495,0.879687488,0.776250005,0.327187508,0.196875006
138,,0.926562488,0.887187481,0.792187512,0.317812502,0.180000007
139,,0.928749979,0.890937507,0.778124988,0.317812502,0.192812502
140,,0.930312514,0.876250029,0.78687501,0.311874986,0.188437507
141,,0.92750001,0.879687488,0.783124983,0.353437513,0.184687495
142,,0.925625026,0.8828125,0.788749993,0.33375001,0.190937504
143,,0.935937524,0.881874979,0.797812521,0.345625013,0.194687501
144,,0.930000007,0.879374981,0.790624976,0.333437502,0.186250001
145,,0.93187499,0.881250024,0.786562502,0.344999999,0.180937499
146,,0.935625017,0.879062474,0.797187507,0.365937501,0.193749994
147,,0.92750001,0.886250019,0.795312524,0.35718751,0.180937499
148,,0.933749974,0.88499999,0.805312514,0.385625005,0.189687505
149,,0.928125024,0.8828125,0.796249986,0.391250014,0.196562499
150,,0.932500005,0.885625005,0.799374998,0.395624995,0.177812502
151,,0.925625026,0.898124993,0.804374993,0.40062499,0.188749999
152,,0.930000007,0.890625,0.791875005,0.419999987,0.188124999
153,,0.937187493,0.8828125,0.807500005,0.423124999,0.193749994
154,,0.938750029,0.885937512,0.811562479,0.42750001,0.206249997
155,,0.92750001,0.882499993,0.804374993,0.438437492,0.206249997
156,,0.931562483,0.887187481,0.795624971,0.431250006,0.189374998
157,,0.932500005,0.896562517,0.79906249,0.438749999,0.202187493
158,,0.928437471,0.88843751,0.794375002,0.444999993,0.193437502
159,,0.928749979,0.881562471,0.796875,0.453437507,0.196875006
160,,0.934062481,0.884374976,0.812187493,0.451249987,0.203125
161,,0.93531251,0.889374971,0.811249971,0.466874987,0.194374993
162,,0.932187498,0.892499983,0.814999998,0.475625008,0.184687495
163,,0.934374988,0.889999986,0.810937524,0.474999994,0.190312505
164,,0.93187499,0.888750017,0.804062486,0.475312501,0.186875001
165,,0.9375,0.89625001,0.821562529,0.481875002,0.191874996
166,,0.922812521,0.898750007,0.811874986,0.483749986,0.201250002
167,,0.932500005,0.895312488,0.827499986,0.484687507,0.203437507
168,,0.935625017,0.890937507,0.802812517,0.480937511,0.186562493
169,,0.93187499,0.886562526,0.81812501,0.482499987,0.185000002
170,,0.927187502,0.878437519,0.823125005,0.5,0.197500005
171,,0.927812517,0.897812486,0.807187498,0.516875029,0.202812493
172,,0.935625017,0.894375026,0.815937519,0.510625005,0.200937495
173,,0.936562479,0.890625,0.814999998,0.473437488,0.194687501
174,,0.941250026,0.894687474,0.819687486,0.51781249,0.193749994
175,,0.936874986,0.885937512,0.809062481,0.514687479,0.184062496
176,,0.934374988,0.898124993,0.817187488,0.518124998,0.194062501
177,,0.932187498,0.893750012,0.809374988,0.525312483,0.185937494
178,,0.937812507,0.889999986,0.813125014,0.527812481,0.198125005
179,,0.941250026,0.893124998,0.829999983,0.526875019,0.198437497
180,,0.932500005,0.900312483,0.819062471,0.529687524,0.184687495
181,,0.935937524,0.893124998,0.824999988,0.522812486,0.196562499
182,,0.934374988,0.888750017,0.819999993,0.537500024,0.208437502
183,,0.939999998,0.894062519,0.825625002,0.530624986,0.197812498
184,,0.931249976,0.899375021,0.827187479,0.530624986,0.196250007
185,,0.938437521,0.889999986,0.821562529,0.545000017,0.192187503
186,,0.940937519,0.896562517,0.828125,0.530312479,0.199687496
187,,0.940312505,0.90406251,0.826874971,0.539375007,0.201250002
188,,0.929374993,0.895624995,0.809062481,0.524999976,0.188749999
189,,0.935937524,0.897499979,0.827812493,0.540000021,0.204374999
190,,0.934687495,0.894687474,0.83375001,0.54906249,0.197500005
191,,0.944687486,0.891250014,0.821874976,0.5390625,0.194687501
192,,0.944999993,0.899375021,0.836250007,0.554374993,0.196875006
193,,0.938125014,0.897812486,0.832187474,0.560625017,0.199375004
194,,0.938750029,0.895624995,0.82593751,0.553125024,0.201562494
195,,0.936562479,0.88843751,0.815937519,0.550625026,0.215625003
196,,0.937812507,0.904687524,0.815312505,0.556562483,0.215000004
197,,0.93531251,0.89625001,0.835312486,0.545937479,0.199687496
198,,0.933437526,0.888750017,0.834999979,0.552187502,0.206874996
199,,0.941250026,0.897187471,0.835624993,0.56812501,0.211875007
200,,0.945625007,0.89625001,0.842499971,0.570937514,0.194687501
201,,0.9375,0.893124998,0.835624993,0.560937524,0.204999998
202,,0.935937524,0.893437505,0.838437498,0.551874995,0.188437507
203,,0.938750029,0.899687529,0.832812488,0.572812498,0.194999993
204,,0.943437517,0.890625,0.834999979,0.567812502,0.206874996
205,,0.941250026,0.900312483,0.837812483,0.549687505,0.200937495
206,,0.9375,0.893750012,0.822812498,0.565625012,0.204999998
207,,0.941562474,0.900937498,0.839687526,0.577812493,0.215000004
208,,0.93968749,0.899687529,0.845000029,0.564999998,0.197812498
209,,0.938125014,0.898750007,0.836250007,0.579375029,0.217812493
210,,0.93968749,0.90062499,0.843124986,0.567812502,0.200312495
211,,0.937187493,0.905312479,0.842499971,0.571250021,0.212187499
212,,0.942499995,0.895937502,0.833437502,0.578125,0.219062507
213,,0.946250021,0.895624995,0.823125005,0.577187479,0.198750004
214,,0.932812512,0.892499983,0.839999974,0.579687476,0.194687501
215,,0.94312501,0.902187526,0.832187474,0.580937505,0.199062496
216,,0.928437471,0.894375026,0.837499976,0.579375029,0.203437507
217,,0.94749999,0.897812486,0.827499986,0.589375019,0.191249996
218,,0.942812502,0.899375021,0.84375,0.587499976,0.204374999
219,,0.948125005,0.90843749,0.844062507,0.580624998,0.202500001
220,,0.938437521,0.906562507,0.848437488,0.58375001,0.199062496
221,,0.944062471,0.891875029,0.838437498,0.584687471,0.195625007
222,,0.942187488,0.907500029,0.846875012,0.59593749,0.197812498
223,,0.942499995,0.899999976,0.834062517,0.587499976,0.191562504
224,,0.953125,0.895937502,0.850624979,0.581562519,0.217187494
225,,0.942812502,0.907187521,0.8359375,0.594375014,0.208749995
226,,0.942499995,0.904999971,0.836250007,0.588750005,0.216250002
227,,0.95093751,0.904999971,0.842812479,0.592499971,0.191562504
228,,0.935000002,0.901875019,0.831562519,0.589687526,0.203749999
229,,0.943750024,0.907500029,0.845624983,0.597187519,0.211875007
230,,0.938437521,0.893750012,0.844375014,0.592812479,0.200312495
231,,0.941562474,0.90406251,0.836875021,0.584999979,0.218437493
232,,0.9453125,0.896562517,0.844687521,0.60718751,0.207187504
233,,0.944999993,0.899687529,0.844687521,0.596875012,0.236562505
234,,0.943750024,0.899687529,0.832499981,0.597812474,0.198750004
235,,0.939999998,0.903124988,0.853124976,0.600624979,0.209999993
236,,0.93968749,0.8984375,0.842187524,0.595624983,0.204687506
237,,0.938750029,0.910937488,0.847500026,0.596562505,0.193437502
238,,0.939062476,0.909062505,0.86156249,0.599687517,0.200625002
239,,0.950312495,0.901562512,0.839375019,0.605624974,0.215000004
240,,0.944062471,0.894999981,0.855624974,0.605624974,0.215625003
241,,0.941562474,0.911249995,0.849687517,0.59593749,0.205312505
242,,0.944687486,0.899375021,0.843124986,0.620625019,0.209687501
243,,0.953125,0.900312483,0.854375005,0.602500021,0.212812498
244,,0.942187488,0.906875014,0.849062502,0.612812519,0.2109375
245,,0.942187488,0.904687524,0.835312486,0.604375005,0.219374999
246,,0.950312495,0.899375021,0.836562514,0.61156249,0.204687506
247,,0.938125014,0.901250005,0.851249993,0.605312526,0.216562495
248,,0.952499986,0.905624986,0.840312481,0.612500012,0.226249993
249,,0.943750024,0.907500029,0.850624979,0.6171875,0.211250007
250,,0.9453125,0.903437495,0.845312476,0.591875017,0.222812504
251,,0.939062476,0.915000021,0.839999974,0.597500026,0.214062497
252,,0.949374974,0.913124979,0.8515625,0.611249983,0.189687505
253,,0.9453125,0.899999976,0.837812483,0.596249998,0.198750004
254,,0.940937519,0.899687529,0.84156251,0.610937476,0.205937505
255,,0.952187479,0.913437486,0.848437488,0.612187505,0.206249997
256,,0.946250021,0.902499974,0.84593749,0.609062493,0.216875002
257,,0.949687481,0.90406251,0.850312471,0.616562486,0.212500006
258,,0.943750024,0.911249995,0.848437488,0.61156249,0.199062496
259,,0.943437517,0.903750002,0.851875007,0.619062483,0.210312501
260,,0.948750019,0.901875019,0.842812479,0.612500012,0.216562495
261,,0.941874981,0.908749998,0.840624988,0.623749971,0.213437498
262,,0.946250021,0.911562502,0.853124976,0.61156249,0.220624998
263,,0.948125005,0.912187517,0.842499971,0.610625029,0.216250002
264,,0.952812493,0.905312479,0.849062502,0.607812524,0.207499996
265,,0.946562529,0.905937493,0.860312521,0.622500002,0.217812493
266,,0.941250026,0.901250005,0.860937476,0.619687498,0.209999993
267,,0.949687481,0.907500029,0.855000019,0.623437524,0.2109375
268,,0.945937514,0.911562502,0.8515625,0.613125026,0.214375004
269,,0.949062526,0.906875014,0.851875007,0.617500007,0.203749999
270,,0.9453125,0.912812471,0.850312471,0.615625024,0.212500006
271,,0.939374983,0.898750007,0.850937486,0.637812495,0.217500001
272,,0.948125005,0.90062499,0.83812499,0.621562481,0.208124995
273,,0.949687481,0.907500029,0.850624979,0.620625019,0.212500006
274,,0.95093751,0.910000026,0.84375,0.620937526,0.225624993
275,,0.952187479,0.906562507,0.856249988,0.618749976,0.210624993
276,,0.941562474,0.908749998,0.862812519,0.61937499,0.222499996
277,,0.954687476,0.910000026,0.857812524,0.63843751,0.230000004
278,,0.9453125,0.912500024,0.841875017,0.644999981,0.224687502
279,,0.94749999,0.904375017,0.851249993,0.616249979,0.217187494
280,,0.945937514,0.90843749,0.862812519,0.6328125,0.214375004
281,,0.952499986,0.912187517,0.860000014,0.619062483,0.203437507
282,,0.947812498,0.912812471,0.858437479,0.624687493,0.207812503
283,,0.944374979,0.902187526,0.841875017,0.631562471,0.223749995
284,,0.944999993,0.914375007,0.855624974,0.635937512,0.214062497
285,,0.948437512,0.912187517,0.859062493,0.621249974,0.206562504
286,,0.951874971,0.909062505,0.850937486,0.644687474,0.196875006
287,,0.947187483,0.906562507,0.849062502,0.626874983,0.219374999
288,,0.948125005,0.914687514,0.852187514,0.621562481,0.212812498
289,,0.952187479,0.917500019,0.858749986,0.642187476,0.224374995
290,,0.948125005,0.915937483,0.845312476,0.636250019,0.209374994
291,,0.951562524,0.910937488,0.863749981,0.625312507,0.224374995
292,,0.945937514,0.91624999,0.851875007,0.641562521,0.2109375
293,,0.949687481,0.921562493,0.855312526,0.634062529,0.209687501
294,,0.950312495,0.913437486,0.856875002,0.629374981,0.208437502
295,,0.947812498,0.904999971,0.858749986,0.635312498,0.205312505
296,,0.955624998,0.910312474,0.857500017,0.65843749,0.212812498
297,,0.950312495,0.903124988,0.853437483,0.645937502,0.214375004
298,,0.946562529,0.905937493,0.856562495,0.633125007,0.197187498
299,,0.950625002,0.908749998,0.859375,0.654999971,0.219374999
300,,0.938125014,0.907500029,0.853437483,0.652499974,0.230312496
301,,0.954062521,0.901875019,0.854687512,0.64625001,0.219374999
302,,0.945625007,0.920937479,0.857812524,0.653750002,0.216875002
303,,0.95093751,0.915624976,0.849062502,0.653437495,0.207499996
304,,0.95093751,0.912500024,0.865312517,0.628437519,0.225937501
305,,0.954062521,0.913749993,0.856875002,0.654687524,0.223437503
306,,0.954375029,0.910937488,0.864374995,0.64625001,0.220937505
307,,0.950312495,0.915000021,0.863749981,0.665312529,0.219687507
308,,0.947812498,0.910312474,0.863125026,0.64281249,0.223749995
309,,0.954687476,0.9140625,0.855624974,0.665000021,0.220312506
310,,0.951250017,0.910937488,0.859062493,0.662500024,0.215625003
311,,0.946874976,0.914375007,0.851875007,0.658124983,0.212812498
312,,0.956562519,0.910937488,0.855312526,0.654375017,0.209374994
313,,0.950312495,0.920624971,0.852812529,0.668437481,0.219374999
314,,0.95093751,0.907187521,0.854062498,0.65843749,0.214375004
315,,0.946874976,0.914375007,0.851249993,0.662812471,0.211562499
316,,0.94312501,0.915937483,0.871249974,0.663124979,0.213750005
317,,0.953125,0.918124974,0.858124971,0.6484375,0.217500001
318,,0.957499981,0.914687514,0.851249993,0.670000017,0.221562505
319,,0.956562519,0.913124979,0.86156249,0.665000021,0.212187499
320,,0.957812488,0.909687519,0.853437483,0.672500014,0.21875
321,,0.944374979,0.912500024,0.864687502,0.672812521,0.227187499
322,,0.954687476,0.905312479,0.868125021,0.680312514,0.219999999
323,,0.948125005,0.912812471,0.862187505,0.678437471,0.215000004
324,,0.947187483,0.913437486,0.861874998,0.682500005,0.206562504
325,,0.954687476,0.908124983,0.859375,0.672187507,0.224687502
326,,0.952187479,0.917500019,0.860000014,0.688125014,0.221249998
327,,0.949062526,0.915312529,0.858437479,0.682500005,0.21875
328,,0.952499986,0.913749993,0.862500012,0.687187493,0.221874997
329,,0.953437507,0.896875024,0.859687507,0.688437521,0.217812493
330,,0.947187483,0.917500019,0.854687512,0.679374993,0.214375004
331,,0.956562519,0.91187501,0.866249979,0.686562479,0.216250002
332,,0.953125,0.915937483,0.870000005,0.682500005,0.205937505
333,,0.9453125,0.91968751,0.855937481,0.700625002,0.230312496
334,,0.956250012,0.915312529,0.858749986,0.694687486,0.225937501
335,,0.952187479,0.921875,0.862500012,0.688125014,0.241874993
336,,0.956875026,0.908124983,0.856875002,0.684062481,0.225624993
337,,0.956250012,0.91624999,0.860937476,0.697812498,0.212812498
338,,0.952187479,0.915937483,0.863749981,0.704999983,0.214375004
339,,0.95531249,0.921875,0.860000014,0.704375029,0.203125
340,,0.957812488,0.917187512,0.859687507,0.683125019,0.2109375
341,,0.952187479,0.91968751,0.8671875,0.703437507,0.216250002
342,,0.95093751,0.910312474,0.863437474,0.704687476,0.220937505
343,,0.95093751,0.921875,0.849687517,0.712187529,0.212500006
344,,0.948750019,0.918749988,0.864687502,0.692187488,0.220937505
345,,0.954687476,0.90843749,0.865937471,0.719062507,0.225624993
346,,0.953437507,0.919062495,0.86937499,0.716250002,0.220624998
347,,0.950312495,0.9140625,0.852812529,0.70875001,0.212187499
348,,0.946874976,0.921562493,0.866249979,0.714999974,0.230312496
349,,0.957187474,0.919375002,0.852500021,0.692499995,0.214062497
350,,0.949999988,0.920000017,0.86500001,0.717812479,0.227187499
351,,0.951562524,0.916875005,0.868749976,0.711250007,0.219687507
352,,0.957187474,0.916875005,0.870000005,0.715937495,0.224374995
353,,0.954687476,0.912812471,0.868125021,0.717187524,0.224687502
354,,0.956562519,0.918437481,0.869687498,0.715312481,0.224062502
355,,0.956562519,0.918437481,0.856562495,0.709687471,0.214375004
356,,0.959687471,0.914375007,0.86500001,0.718437493,0.206874996
357,,0.959375024,0.919375002,0.863437474,0.717499971,0.223749995
358,,0.947812498,0.915937483,0.871249974,0.7265625,0.223124996
359,,0.946250021,0.92406249,0.862812519,0.719687521,0.221249998
360,,0.95875001,0.904999971,0.858124971,0.7109375,0.222187504
361,,0.949687481,0.912812471,0.865312517,0.706562519,0.216250002
362,,0.949062526,0.91624999,0.868125021,0.729687512,0.222499996
363,,0.954999983,0.928749979,0.859687507,0.733437479,0.211562499
364,,0.947812498,0.919375002,0.872500002,0.711250007,0.223437503
365,,0.959687471,0.914687514,0.86937499,0.725624979,0.210312501
366,,0.953125,0.914687514,0.870625019,0.711875021,0.215000004
367,,0.953750014,0.920624971,0.865312517,0.725312471,0.221249998
368,,0.960624993,0.917500019,0.863437474,0.730624974,0.228750005
369,,0.956250012,0.922500014,0.865312517,0.727187514,0.215000004
370,,0.955624998,0.912812471,0.868749976,0.737812519,0.221874997
371,,0.953437507,0.920312524,0.865312517,0.717187524,0.223437503
372,,0.959062517,0.92406249,0.86500001,0.738125026,0.233437493
373,,0.954999983,0.9140625,0.857812524,0.733437479,0.215312496
374,,0.954375029,0.920624971,0.854062498,0.727500021,0.221249998
375,,0.958124995,0.922187507,0.860625029,0.739687502,0.228750005
376,,0.95531249,0.916875005,0.873749971,0.730000019,0.233125001
377,,0.954999983,0.914687514,0.863749981,0.734375,0.21875
378,,0.954375029,0.913437486,0.873749971,0.732500017,0.211250007
379,,0.953437507,0.922812521,0.875,0.741562486,0.221249998
380,,0.953125,0.917187512,0.863125026,0.740625024,0.224687502
381,,0.953437507,0.915000021,0.861249983,0.735000014,0.215000004
382,,0.958124995,0.924374998,0.868437529,0.733749986,0.220624998
383,,0.954999983,0.921875,0.86937499,0.725624979,0.219062507
384,,0.951562524,0.915312529,0.857500017,0.716875017,0.211562499
385,,0.956562519,0.920000017,0.865625024,0.731249988,0.206562504
386,,0.954687476,0.923437476,0.869687498,0.734375,0.223124996
387,,0.955624998,0.924687505,0.856562495,0.744062483,0.223124996
388,,0.957187474,0.923437476,0.878125012,0.725937486,0.227187499
389,,0.957499981,0.91968751,0.870937526,0.731875002,0.232187495
390,,0.957187474,0.922187507,0.873437524,0.730000019,0.2265625
391,,0.954687476,0.919062495,0.879687488,0.746249974,0.208124995
392,,0.954375029,0.922500014,0.865625024,0.746874988,0.210624993
393,,0.958124995,0.923437476,0.869062483,0.731875002,0.214687496
394,,0.957499981,0.917500019,0.870937526,0.73218751,0.233125001
395,,0.957187474,0.925312519,0.869062483,0.735000014,0.224999994
396,,0.962499976,0.923125029,0.867500007,0.739374995,0.224999994
397,,0.953125,0.915312529,0.869687498,0.731562495,0.230000004
398,,0.956875026,0.918124974,0.873437524,0.730937481,0.216875002
399,,0.958437502,0.921562493,0.870312512,0.735312521,0.234375
400,,0.957812488,0.928125024,0.870625019,0.74781251,0.214062497
401,,0.954062521,0.918749988,0.86156249,0.732812524,0.232812494
402,,0.954375029,0.91624999,0.871249974,0.744687498,0.219062507
403,,0.950625002,0.91624999,0.868125021,0.743125021,0.221562505
404,,0.958124995,0.911249995,0.8671875,0.74000001,0.215312496
405,,0.959375024,0.917500019,0.870312512,0.740937471,0.226249993
406,,0.957187474,0.927187502,0.86500001,0.741562486,0.214062497
407,,0.959687471,0.926249981,0.868437529,0.740625024,0.219062507
408,,0.953750014,0.926249981,0.880312502,0.740625024,0.224374995
409,,0.95875001,0.920624971,0.873437524,0.754687488,0.211250007
410,,0.957499981,0.916562498,0.8671875,0.72874999,0.230312496
411,,0.955624998,0.918124974,0.872500002,0.763125002,0.224062502
412,,0.954375029,0.921875,0.866562486,0.741562486,0.209374994
413,,0.957499981,0.919062495,0.874687493,0.735937476,0.211875007
414,,0.951562524,0.924687505,0.860312521,0.752812505,0.231250003
415,,0.956250012,0.925625026,0.858749986,0.739687502,0.222499996
416,,0.959687471,0.925312519,0.875937521,0.75562501,0.224062502
417,,0.956875026,0.918124974,0.871249974,0.745000005,0.222499996
418,,0.958124995,0.924687505,0.875937521,0.739374995,0.226875007
419,,0.961562514,0.931562483,0.878750026,0.740937471,0.219062507
420,,0.953750014,0.929062486,0.875312507,0.747187495,0.227187499
421,,0.961875021,0.927187502,0.858437479,0.740937471,0.216562495
422,,0.962812483,0.923125029,0.875937521,0.725624979,0.216562495
423,,0.961250007,0.921562493,0.864374995,0.727187514,0.230625004
424,,0.955937505,0.915000021,0.870312512,0.750625014,0.236874998
425,,0.959687471,0.910624981,0.872187495,0.74437499,0.214687496
426,,0.960312486,0.923125029,0.875937521,0.74781251,0.233125001
427,,0.951874971,0.924687505,0.867500007,0.739687502,0.227812499
428,,0.956875026,0.922187507,0.875312507,0.751250029,0.230937496
429,,0.965312481,0.915937483,0.874374986,0.759374976,0.221874997
430,,0.961250007,0.918437481,0.875625014,0.734687507,0.211250007
431,,0.955624998,0.932500005,0.870937526,0.750625014,0.217187494
432,,0.956875026,0.917500019,0.877812505,0.748437524,0.223437503
433,,0.95531249,0.921562493,0.886562526,0.735937476,0.231250003
434,,0.958437502,0.92750001,0.881250024,0.748749971,0.216562495
435,,0.960312486,0.922812521,0.864374995,0.742500007,0.241249993
436,,0.956875026,0.926562488,0.884687483,0.749687493,0.223124996
437,,0.954687476,0.921562493,0.860000014,0.745312512,0.222812504
438,,0.954999983,0.926562488,0.860312521,0.749374986,0.234999999
439,,0.962187529,0.922812521,0.866562486,0.745312512,0.209999993
440,,0.960312486,0.927812517,0.86937499,0.743437529,0.214687496
441,,0.954062521,0.926874995,0.883750021,0.75218749,0.240312502
442,,0.961562514,0.931562483,0.875312507,0.743749976,0.223749995
443,,0.961562514,0.920937479,0.87718749,0.755312502,0.224374995
444,,0.959999979,0.935000002,0.875937521,0.74437499,0.234375
445,,0.962812483,0.928749979,0.875,0.75,0.232812494
446,,0.964999974,0.920312524,0.868437529,0.743125021,0.239374995
447,,0.957499981,0.923749983,0.873125017,0.754687488,0.229062498
448,,0.958437502,0.920000017,0.884374976,0.738437474,0.220937505
449,,0.957812488,0.920624971,0.870625019,0.748437524,0.236874998
450,,0.953437507,0.924687505,0.87281251,0.742812514,0.233437493
451,,0.95875001,0.921875,0.878437519,0.763750017,0.219687507
452,,0.959687471,0.930000007,0.88843751,0.745312512,0.216875002
453,,0.95531249,0.91624999,0.873749971,0.741562486,0.215625003
454,,0.962499976,0.924374998,0.875625014,0.763750017,0.237812504
455,,0.960312486,0.920624971,0.870000005,0.746562481,0.223749995
456,,0.957812488,0.926874995,0.872500002,0.741562486,0.207187504
457,,0.961562514,0.927187502,0.867500007,0.748749971,0.230625004
458,,0.956250012,0.927187502,0.880312502,0.747500002,0.2265625
459,,0.964375019,0.922812521,0.86937499,0.750312507,0.234375
460,,0.96312499,0.927812517,0.874374986,0.755937517,0.235312507
461,,0.959999979,0.921249986,0.883437514,0.741874993,0.21875
462,,0.963437498,0.925937474,0.880312502,0.761874974,0.239374995
463,,0.959687471,0.930625021,0.871874988,0.752812505,0.231875002
464,,0.957499981,0.927187502,0.882187486,0.747187495,0.220312506
465,,0.960312486,0.925937474,0.87281251,0.74437499,0.232187495
466,,0.955624998,0.928749979,0.87718749,0.757499993,0.230625004
467,,0.962187529,0.934062481,0.878125012,0.747500002,0.224374995
468,,0.95875001,0.922812521,0.878750026,0.764062524,0.232187495
469,,0.954375029,0.930312514,0.88062501,0.750312507,0.229062498
470,,0.964999974,0.925000012,0.875625014,0.752499998,0.21875
471,,0.960624993,0.920624971,0.870312512,0.756250024,0.235312507
472,,0.962812483,0.925312519,0.866562486,0.751874983,0.217812493
473,,0.963750005,0.917500019,0.879999995,0.7421875,0.224374995
474,,0.957812488,0.924374998,0.879687488,0.749374986,0.227500007
475,,0.957499981,0.926249981,0.87718749,0.746249974,0.225312501
476,,0.955624998,0.931249976,0.884687483,0.747500002,0.241874993
477,,0.963750005,0.921562493,0.86500001,0.756250024,0.233437493
478,,0.962812483,0.929062486,0.88062501,0.750312507,0.225312501
479,,0.961562514,0.925312519,0.884374976,0.743125021,0.237812504
480,,0.95875001,0.9296875,0.873125017,0.750937521,0.230937496
481,,0.961562514,0.925312519,0.875937521,0.749374986,0.238437504
482,,0.961562514,0.925625026,0.87718749,0.764374971,0.235937506
483,,0.958124995,0.92750001,0.876874983,0.764062524,0.231875002
484,,0.958124995,0.925625026,0.887812495,0.749062479,0.237812504
485,,0.962499976,0.92750001,0.887499988,0.756250024,0.230625004
486,,0.963437498,0.920937479,0.872187495,0.744687498,0.241562501
487,,0.96312499,0.93968749,0.873749971,0.75999999,0.2265625
488,,0.961562514,0.925937474,0.87281251,0.75999999,0.237499997
489,,0.962187529,0.921875,0.875937521,0.74781251,0.21875
490,,0.959999979,0.930000007,0.879062474,0.745625019,0.230312496
491,,0.957812488,0.922812521,0.878125012,0.749062479,0.236874998
492,,0.956250012,0.925312519,0.877812505,0.751250029,0.232500002
493,,0.966250002,0.93187499,0.883125007,0.755937517,0.238124996
494,,0.965312481,0.923749983,0.869062483,0.75999999,0.247500002
495,,0.964999974,0.922500014,0.884374976,0.759687483,0.238437504
496,,0.962187529,0.92750001,0.884687483,0.748749971,0.221249998
497,,0.961875021,0.922500014,0.890625,0.75999999,0.245937496
498,,0.962187529,0.929374993,0.8828125,0.754374981,0.239374995
499,,0.963750005,0.930312514,0.877499998,0.758125007,0.236874998
500,,0.963750005,0.930000007,0.876562476,0.748125017,0.221249998
501,,0.95875001,0.926874995,0.878437519,0.756562471,0.234375
502,,0.959062517,0.929374993,0.884687483,0.757499993,0.250625014
503,,0.965937495,0.924687505,0.881250024,0.757499993,0.231562495
504,,0.960624993,0.925937474,0.873749971,0.758437514,0.232500002
505,,0.961875021,0.937812507,0.881250024,0.756250024,0.232500002
506,,0.955937505,0.931249976,0.881874979,0.744687498,0.234687507
507,,0.961875021,0.93187499,0.876250029,0.745312512,0.238437504
508,,0.959999979,0.922187507,0.878125012,0.75999999,0.230625004
509,,0.95531249,0.927812517,0.88062501,0.763750017,0.240624994
510,,0.96656251,0.933125019,0.876250029,0.751874983,0.246875003
511,,0.959375024,0.9296875,0.881250024,0.751250029,0.243750006
512,,0.960312486,0.928749979,0.881562471,0.757187486,0.226249993
513,,0.96656251,0.9296875,0.884062529,0.754062474,0.246562496
514,,0.959062517,0.919062495,0.8828125,0.7578125,0.239062503
515,,0.96656251,0.930937529,0.875312507,0.760625005,0.238124996
516,,0.963750005,0.923437476,0.875937521,0.755312502,0.250312507
517,,0.961562514,0.933749974,0.88499999,0.758125007,0.231562495
518,,0.967812479,0.931249976,0.886874974,0.761562526,0.249062493
519,,0.958437502,0.931249976,0.877812505,0.759687483,0.245312497
520,,0.962187529,0.927812517,0.886562526,0.751250029,0.249375001
521,,0.9609375,0.922812521,0.880312502,0.758125007,0.246562496
522,,0.961250007,0.929374993,0.88843751,0.746249974,0.251562506
523,,0.964999974,0.932812512,0.881874979,0.755937517,0.239687502
524,,0.958437502,0.928749979,0.884062529,0.763125002,0.258437514
525,,0.969062507,0.927812517,0.867500007,0.784062505,0.243437499
526,,0.960624993,0.926874995,0.882499993,0.761250019,0.234062493
527,,0.963437498,0.92750001,0.878125012,0.757499993,0.25218749
528,,0.963437498,0.931562483,0.883437514,0.769062519,0.242500007
529,,0.963437498,0.929062486,0.884687483,0.756562471,0.244062498
530,,0.9609375,0.93187499,0.884687483,0.760312498,0.256562501
531,,0.966250002,0.931249976,0.884687483,0.757499993,0.249687493
532,,0.965624988,0.921249986,0.886562526,0.770937502,0.253437489
533,,0.964062512,0.934062481,0.884062529,0.762812495,0.246562496
534,,0.96875,0.932812512,0.875312507,0.758125007,0.254999995
535,,0.96312499,0.936562479,0.883750021,0.754374981,0.245000005
536,,0.962812483,0.927812517,0.887812495,0.754374981,0.255312502
537,,0.960312486,0.923437476,0.8828125,0.7578125,0.245937496
538,,0.963437498,0.932187498,0.882499993,0.745625019,0.253437489
539,,0.961250007,0.928125024,0.88062501,0.772187471,0.250625014
540,,0.960624993,0.933749974,0.886250019,0.778437495,0.247812495
541,,0.963437498,0.923749983,0.870000005,0.761562526,0.244687498
542,,0.963750005,0.926874995,0.889999986,0.766250014,0.239999995
543,,0.9609375,0.940312505,0.883125007,0.757187486,0.247500002
544,,0.962499976,0.930625021,0.878750026,0.759687483,0.236249998
545,,0.960624993,0.930312514,0.881250024,0.758437514,0.254375011
546,,0.963750005,0.928437471,0.88843751,0.766562521,0.256249994
547,,0.965624988,0.933749974,0.889999986,0.76781249,0.243125007
548,,0.965312481,0.933749974,0.879999995,0.758750021,0.257499993
549,,0.963750005,0.923437476,0.879999995,0.754687488,0.250312507
550,,0.960312486,0.9296875,0.890312493,0.764687479,0.262499988
551,,0.964687526,0.929374993,0.88499999,0.759687483,0.254999995
552,,0.964062512,0.934062481,0.875937521,0.755312502,0.252499998
553,,0.961562514,0.92750001,0.8984375,0.764999986,0.260312498
554,,0.967187524,0.929374993,0.876562476,0.755312502,0.253749996
555,,0.96312499,0.936562479,0.882187486,0.768124998,0.260312498
556,,0.965624988,0.924374998,0.882499993,0.763125002,0.253749996
557,,0.967499971,0.933749974,0.880312502,0.763125002,0.274062514
558,,0.959375024,0.925312519,0.879687488,0.768124998,0.255937487
559,,0.964062512,0.93531251,0.889374971,0.769687474,0.262812495
560,,0.961250007,0.933749974,0.884062529,0.77906251,0.255312502
561,,0.964999974,0.937187493,0.889999986,0.772187471,0.262187511
562,,0.959062517,0.93187499,0.887499988,0.766875029,0.261249989
563,,0.964687526,0.933437526,0.888750017,0.760312498,0.260625005
564,,0.963437498,0.937812507,0.866562486,0.768750012,0.25218749
565,,0.968124986,0.928437471,0.88062501,0.759687483,0.280624986
566,,0.96875,0.941250026,0.890625,0.767499983,0.262187511
567,,0.968124986,0.936874986,0.890625,0.764062524,0.261562496
568,,0.961562514,0.925000012,0.892187476,0.765312493,0.265937507
569,,0.96656251,0.9296875,0.88499999,0.7734375,0.257187486
570,,0.963750005,0.925937474,0.883437514,0.768437505,0.277812511
571,,0.966875017,0.936249971,0.887499988,0.775312483,0.273750007
572,,0.9609375,0.928437471,0.883437514,0.753750026,0.247500002
573,,0.9609375,0.935937524,0.893437505,0.774687529,0.26343751
574,,0.96312499,0.924687505,0.880937517,0.75999999,0.282812506
575,,0.96312499,0.929374993,0.888750017,0.769062519,0.28125
576,,0.963437498,0.928749979,0.88062501,0.769062519,0.266562492
577,,0.968124986,0.92750001,0.891250014,0.774375021,0.262187511
578,,0.965937495,0.926874995,0.884374976,0.77906251,0.265937507
579,,0.962187529,0.92750001,0.888750017,0.7578125,0.276562512
580,,0.96656251,0.928125024,0.883437514,0.775937498,0.272812486
581,,0.961562514,0.9296875,0.887812495,0.758437514,0.270000011
582,,0.971875012,0.9296875,0.88499999,0.767499983,0.291875005
583,,0.969062507,0.926562488,0.895312488,0.766562521,0.265312493
584,,0.964375019,0.934374988,0.893124998,0.75999999,0.276874989
585,,0.961875021,0.928437471,0.88499999,0.768750012,0.264999986
586,,0.967812479,0.927812517,0.88499999,0.769687474,0.265312493
587,,0.9609375,0.941562474,0.871562481,0.764062524,0.280624986
588,,0.960624993,0.933437526,0.890625,0.771875024,0.269374996
589,,0.961250007,0.94312501,0.883437514,0.764374971,0.270312488
590,,0.96656251,0.934687495,0.887187481,0.782187521,0.288125008
591,,0.971875012,0.935000002,0.88499999,0.776562512,0.274062514
592,,0.970000029,0.934062481,0.888750017,0.762499988,0.280312508
593,,0.959687471,0.937187493,0.880937517,0.7890625,0.270000011
594,,0.9609375,0.933437526,0.889687479,0.785312474,0.27906251
595,,0.970312476,0.925312519,0.899375021,0.784375012,0.28687501
596,,0.96656251,0.935000002,0.890312493,0.771562517,0.286562502
597,,0.965937495,0.93968749,0.885625005,0.766875029,0.28343749
598,,0.965312481,0.93531251,0.889687479,0.785000026,0.284687489
599,,0.969062507,0.933125019,0.88843751,0.767187476,0.28125
600,,0.962499976,0.940312505,0.891250014,0.773750007,0.2890625
601,,0.965312481,0.92750001,0.893124998,0.766562521,0.291562498
602,,0.96312499,0.927812517,0.88499999,0.776562512,0.273750007
603,,0.965624988,0.926249981,0.893750012,0.773750007,0.289375007
604,,0.960312486,0.93968749,0.887187481,0.776250005,0.288437486
605,,0.964375019,0.934374988,0.881250024,0.770937502,0.285312504
606,,0.96875,0.930312514,0.886250019,0.781562507,0.2734375
607,,0.971875012,0.933437526,0.890625,0.788437486,0.289687514
608,,0.965937495,0.931562483,0.890312493,0.779375017,0.289687514
609,,0.958124995,0.936874986,0.885312498,0.771875024,0.287499994
610,,0.962812483,0.931249976,0.879999995,0.778750002,0.291562498
611,,0.968124986,0.935000002,0.881562471,0.769062519,0.291875005
612,,0.965624988,0.941874981,0.89281249,0.77906251,0.298124999
613,,0.96875,0.932187498,0.887499988,0.774687529,0.309062511
614,,0.965937495,0.937812507,0.884687483,0.77906251,0.281875014
615,,0.964999974,0.927187502,0.887187481,0.780937493,0.303124994
616,,0.967812479,0.939374983,0.89625001,0.774687529,0.297500014
617,,0.965312481,0.930312514,0.890625,0.763750017,0.305624992
618,,0.965312481,0.936249971,0.904687524,0.780312479,0.303437501
619,,0.965312481,0.934062481,0.88062501,0.779999971,0.302187502
620,,0.966875017,0.926249981,0.881562471,0.788124979,0.298124999
621,,0.955937505,0.934374988,0.890937507,0.782187521,0.296249986
622,,0.969375014,0.94312501,0.89281249,0.787187517,0.292812496
623,,0.966875017,0.933437526,0.891562521,0.77125001,0.30250001
624,,0.965937495,0.938750029,0.884374976,0.787500024,0.315312505
625,,0.962499976,0.932187498,0.886562526,0.769375026,0.289999992
626,,0.963437498,0.941250026,0.891250014,0.781875014,0.308437496
627,,0.967499971,0.931249976,0.887499988,0.781875014,0.294062495
628,,0.964999974,0.933125019,0.887812495,0.779999971,0.303124994
629,,0.96656251,0.936562479,0.891562521,0.784375012,0.311562508
630,,0.967499971,0.935625017,0.887812495,0.767187476,0.298750013
631,,0.967812479,0.939374983,0.886250019,0.778750002,0.308750004
632,,0.959999979,0.936249971,0.889687479,0.792187512,0.313749999
633,,0.968437493,0.933437526,0.892187476,0.778750002,0.296875
634,,0.969687521,0.927187502,0.884062529,0.788749993,0.30250001
635,,0.96656251,0.934374988,0.888125002,0.775937498,0.308124989
636,,0.968437493,0.945937514,0.885625005,0.7890625,0.319687486
637,,0.967187524,0.937187493,0.885312498,0.779375017,0.316875011
638,,0.966250002,0.933125019,0.875312507,0.777812481,0.314062506
639,,0.967187524,0.935937524,0.905937493,0.791875005,0.314062506
640,,0.965624988,0.925312519,0.897187471,0.794375002,0.317499995
641,,0.9609375,0.935937524,0.89281249,0.774999976,0.336250007
642,,0.965624988,0.93187499,0.897187471,0.785000026,0.32593751
643,,0.968124986,0.935000002,0.888125002,0.778750002,0.32249999
644,,0.964999974,0.929062486,0.894687474,0.797500014,0.323125005
645,,0.966250002,0.939999998,0.876250029,0.800000012,0.32249999
646,,0.966250002,0.933437526,0.891875029,0.794375002,0.333124995
647,,0.964999974,0.940625012,0.883437514,0.786562502,0.332500011
648,,0.964687526,0.934687495,0.890625,0.792500019,0.328750014
649,,0.965312481,0.937187493,0.884687483,0.777499974,0.33375001
650,,0.967187524,0.936249971,0.8984375,0.787500024,0.31468749
651,,0.971562505,0.941250026,0.894062519,0.782812476,0.323125005
652,,0.964062512,0.931562483,0.8984375,0.787812471,0.337500006
653,,0.966250002,0.935000002,0.88843751,0.798125029,0.316249996
654,,0.96875,0.943750024,0.891250014,0.786249995,0.325312495
655,,0.959375024,0.9375,0.886874974,0.794062495,0.336874992
656,,0.963437498,0.933749974,0.887187481,0.785312474,0.335312486
657,,0.969375014,0.937812507,0.894999981,0.797500014,0.342500001
658,,0.963750005,0.926562488,0.892499983,0.784375012,0.334062487
659,,0.966875017,0.934062481,0.891562521,0.786562502,0.333124995
660,,0.970312476,0.932812512,0.889374971,0.785624981,0.337187499
661,,0.967187524,0.938437521,0.887499988,0.783124983,0.338437498
662,,0.971875012,0.938437521,0.901562512,0.784687519,0.338750005
663,,0.969062507,0.934062481,0.890312493,0.811249971,0.326562494
664,,0.968437493,0.941250026,0.885312498,0.800000012,0.347812504
665,,0.970624983,0.936562479,0.889999986,0.801562488,0.349999994
666,,0.964999974,0.940312505,0.894062519,0.795624971,0.338750005
667,,0.967812479,0.938125014,0.89625001,0.797812521,0.338750005
668,,0.965312481,0.9375,0.888750017,0.783124983,0.33375001
669,,0.970000029,0.9375,0.892187476,0.794375002,0.345625013
670,,0.968437493,0.933125019,0.889062524,0.785312474,0.34375
671,,0.96875,0.935625017,0.894375026,0.796875,0.359062493
672,,0.970000029,0.941874981,0.8984375,0.800312519,0.347499996
673,,0.969687521,0.9296875,0.890937507,0.804062486,0.354999989
674,,0.968437493,0.932500005,0.889374971,0.791562498,0.335624993
675,,0.964999974,0.933749974,0.898750007,0.786562502,0.354687512
676,,0.963750005,0.935000002,0.890312493,0.792187512,0.354687512
677,,0.962499976,0.933437526,0.895937502,0.796562493,0.364374995
678,,0.965624988,0.930625021,0.884374976,0.782500029,0.339687496
679,,0.967812479,0.946562529,0.90406251,0.787500024,0.334687501
680,,0.967812479,0.940937519,0.893437505,0.805625021,0.35718751
681,,0.971562505,0.944999993,0.892499983,0.790937483,0.347187489
682,,0.97093749,0.9375,0.889062524,0.801249981,0.356875002
683,,0.964062512,0.939062476,0.885312498,0.804374993,0.350937486
684,,0.970624983,0.940312505,0.894375026,0.796562493,0.352499992
685,,0.964062512,0.932500005,0.893750012,0.792812526,0.367500007
686,,0.974062502,0.940312505,0.894375026,0.8046875,0.360624999
687,,0.961562514,0.93531251,0.892187476,0.799687505,0.360312492
688,,0.965937495,0.930625021,0.895937502,0.797500014,0.376562506
689,,0.963437498,0.937812507,0.888750017,0.787187517,0.369687498
690,,0.966250002,0.930625021,0.889687479,0.803437471,0.356249988
691,,0.967812479,0.935937524,0.896562517,0.792500019,0.359375
692,,0.972500026,0.940937519,0.895624995,0.798125029,0.370937496
693,,0.971249998,0.937812507,0.891875029,0.807812512,0.361874998
694,,0.962812483,0.935625017,0.903750002,0.800000012,0.375937492
695,,0.963437498,0.936249971,0.892499983,0.805625021,0.374062508
696,,0.968437493,0.928749979,0.897812486,0.798749983,0.360937506
697,,0.969375014,0.941562474,0.894687474,0.795312524,0.36156249
698,,0.969687521,0.9375,0.897499979,0.800937474,0.378749996
699,,0.96875,0.930625021,0.893750012,0.810000002,0.369687498
700,,0.97437501,0.93187499,0.889374971,0.799687505,0.359375
701,,0.964062512,0.941562474,0.901250005,0.811249971,0.370937496
702,,0.970624983,0.939062476,0.898124993,0.795000017,0.370937496
703,,0.964687526,0.936562479,0.894062519,0.799687505,0.36937499
704,,0.968124986,0.935000002,0.889062524,0.799687505,0.374374986
705,,0.963750005,0.93531251,0.900312483,0.800625026,0.356562495
706,,0.967187524,0.936874986,0.903437495,0.802812517,0.370937496
707,,0.969375014,0.936562479,0.893750012,0.800000012,0.37718749
708,,0.969687521,0.940625012,0.888125002,0.811874986,0.368437499
709,,0.971249998,0.944374979,0.889374971,0.81812501,0.37718749
710,,0.967812479,0.935000002,0.894375026,0.805000007,0.371874988
711,,0.960624993,0.940937519,0.883750021,0.816250026,0.384375006
712,,0.965624988,0.934062481,0.893124998,0.789375007,0.38843751
713,,0.967499971,0.939062476,0.895624995,0.800625026,0.386875004
714,,0.970000029,0.942499995,0.899999976,0.805000007,0.388749987
715,,0.971562505,0.9375,0.887499988,0.800312519,0.379999995
716,,0.968124986,0.929062486,0.896562517,0.809374988,0.375937492
717,,0.971875012,0.942499995,0.890625,0.809687495,0.375937492
718,,0.96875,0.935937524,0.899999976,0.793124974,0.381562501
719,,0.973437488,0.93968749,0.893750012,0.819374979,0.383749992
720,,0.964999974,0.935000002,0.888125002,0.816562474,0.385625005
721,,0.975000024,0.936249971,0.898750007,0.803125024,0.383437514
722,,0.958124995,0.936249971,0.891250014,0.813437521,0.390312493
723,,0.968437493,0.945937514,0.901562512,0.803437471,0.387812495
724,,0.970000029,0.9375,0.896562517,0.792187512,0.37718749
725,,0.966250002,0.929374993,0.898750007,0.8125,0.384375006
726,,0.970000029,0.940625012,0.896562517,0.809687495,0.389375001
727,,0.96656251,0.943750024,0.893750012,0.82593751,0.407187492
728,,0.966875017,0.938437521,0.893124998,0.801874995,0.386249989
729,,0.967812479,0.935937524,0.887499988,0.814062476,0.391250014
730,,0.974687517,0.946874976,0.899687529,0.819062471,0.385937512
731,,0.968124986,0.93968749,0.903437495,0.808749974,0.395937502
732,,0.967187524,0.935000002,0.898124993,0.81031251,0.392187506
733,,0.972500026,0.944062471,0.897187471,0.815625012,0.401562512
734,,0.969062507,0.937812507,0.897812486,0.81468749,0.390937507
735,,0.970000029,0.944062471,0.896562517,0.8046875,0.401874989
736,,0.969375014,0.940312505,0.8984375,0.813125014,0.388125002
737,,0.972187519,0.93968749,0.895624995,0.821562529,0.380937487
738,,0.965312481,0.940625012,0.903437495,0.806249976,0.388749987
739,,0.971875012,0.933749974,0.893437505,0.82593751,0.399687499
740,,0.967499971,0.938437521,0.89281249,0.805625021,0.39281249
741,,0.965312481,0.941874981,0.892187476,0.817812502,0.389375001
742,,0.968437493,0.939374983,0.90062499,0.807500005,0.381249994
743,,0.971249998,0.936249971,0.889687479,0.808125019,0.408749998
744,,0.971562505,0.938125014,0.895312488,0.820937514,0.395000011
745,,0.971875012,0.938437521,0.890937507,0.817187488,0.396562487
746,,0.964687526,0.939999998,0.897187471,0.813125014,0.403750002
747,,0.967187524,0.9375,0.893750012,0.81812501,0.398124993
748,,0.968124986,0.935937524,0.897187471,0.808125019,0.387499988
749,,0.971875012,0.940937519,0.891562521,0.824687481,0.40062499
750,,0.972187519,0.945937514,0.893124998,0.829062521,0.409375012
751,,0.964375019,0.944999993,0.894687474,0.801874995,0.409999996
752,,0.964062512,0.939999998,0.901875019,0.823125005,0.404687494
753,,0.970000029,0.943437517,0.902187526,0.815625012,0.404687494
754,,0.970312476,0.936249971,0.906875014,0.810625017,0.391250014
755,,0.97093749,0.946250021,0.889999986,0.824062526,0.393437505
756,,0.970312476,0.941874981,0.905937493,0.816562474,0.409687489
757,,0.970624983,0.935625017,0.90843749,0.820625007,0.401562512
758,,0.965937495,0.932187498,0.904999971,0.813437521,0.405624986
759,,0.967812479,0.943437517,0.893750012,0.805937529,0.40625
760,,0.972812474,0.932812512,0.896875024,0.805000007,0.403750002
761,,0.970624983,0.939999998,0.893124998,0.822187483,0.401562512
762,,0.972812474,0.934062481,0.895624995,0.830937505,0.393750012
763,,0.973749995,0.942187488,0.884374976,0.81031251,0.400000006
764,,0.96656251,0.934062481,0.899062514,0.822812498,0.411562502
765,,0.963437498,0.937187493,0.889687479,0.821250021,0.411249995
766,,0.972812474,0.937187493,0.895937502,0.815625012,0.407812506
767,,0.965312481,0.936562479,0.893437505,0.823125005,0.407499999
768,,0.966875017,0.942812502,0.8984375,0.811562479,0.391874999
769,,0.973437488,0.941562474,0.904999971,0.825625002,0.412812501
770,,0.966875017,0.946562529,0.897187471,0.804062486,0.40625
771,,0.967499971,0.937812507,0.906875014,0.823125005,0.401874989
772,,0.967499971,0.932812512,0.898124993,0.828125,0.409375012
773,,0.964375019,0.941562474,0.886562526,0.825312495,0.40843749
774,,0.978124976,0.938125014,0.89281249,0.813750029,0.426562488
775,,0.964062512,0.938437521,0.895624995,0.821562529,0.395624995
776,,0.967187524,0.943750024,0.903750002,0.826250017,0.393437505
777,,0.96875,0.93968749,0.901562512,0.827187479,0.414375007
778,,0.974687517,0.942499995,0.895312488,0.827187479,0.413437486
779,,0.971562505,0.940937519,0.895312488,0.817187488,0.422187507
780,,0.972500026,0.940937519,0.895312488,0.818437517,0.409062505
781,,0.972812474,0.940625012,0.901875019,0.828750014,0.409687489
782,,0.971562505,0.939062476,0.90062499,0.827187479,0.410312504
783,,0.971875012,0.932187498,0.883125007,0.817812502,0.41187501
784,,0.972187519,0.944687486,0.899062514,0.825312495,0.398750007
785,,0.96875,0.940937519,0.900312483,0.824687481,0.417187512
786,,0.965624988,0.9453125,0.897187471,0.83375001,0.408125013
787,,0.97093749,0.938125014,0.900937498,0.827812493,0.401250005
788,,0.96656251,0.939062476,0.899687529,0.837812483,0.414687514
789,,0.968437493,0.940937519,0.901875019,0.829375029,0.409375012
790,,0.970000029,0.944687486,0.897812486,0.810937524,0.40406251
791,,0.973124981,0.938437521,0.90062499,0.819374979,0.401874989
792,,0.967499971,0.938750029,0.902499974,0.815312505,0.403750002
793,,0.977500021,0.938437521,0.896875024,0.819999993,0.408125013
794,,0.965312481,0.938750029,0.899375021,0.824999988,0.402187496
795,,0.970312476,0.944062471,0.888750017,0.821250021,0.421875
796,,0.973437488,0.944062471,0.90406251,0.819687486,0.417187512
797,,0.969375014,0.938750029,0.897812486,0.831562519,0.42750001
798,,0.971562505,0.949062526,0.907500029,0.839999974,0.418125004
799,,0.969687521,0.937187493,0.899999976,0.820937514,0.430312514
800,,0.97093749,0.939999998,0.907187521,0.823437512,0.411562502
801,,0.974687517,0.9453125,0.901562512,0.824374974,0.422500014
802,,0.96656251,0.944374979,0.895624995,0.829999983,0.414999992
803,,0.966875017,0.945937514,0.893124998,0.8203125,0.41968751
804,,0.975312471,0.947187483,0.903437495,0.829687476,0.407812506
805,,0.969062507,0.941250026,0.900937498,0.828750014,0.413749993
806,,0.965312481,0.940312505,0.895312488,0.841250002,0.421875
807,,0.971875012,0.935625017,0.898750007,0.830937505,0.424687505
808,,0.966875017,0.940625012,0.902812481,0.823437512,0.43187499
809,,0.968437493,0.943750024,0.90625,0.826562524,0.408125013
810,,0.967187524,0.9375,0.90062499,0.826562524,0.408125013
811,,0.971875012,0.936874986,0.904687524,0.824062526,0.412812501
812,,0.974062502,0.9375,0.891562521,0.829687476,0.409062505
813,,0.973749995,0.940312505,0.900312483,0.83375001,0.419375002
814,,0.969375014,0.946250021,0.898124993,0.828750014,0.424374998
815,,0.974687517,0.93968749,0.901250005,0.829375029,0.415312499
816,,0.96875,0.944062471,0.889687479,0.823437512,0.410625011
817,,0.973124981,0.941562474,0.903750002,0.831562519,0.42406249
818,,0.975000024,0.939999998,0.901875019,0.839062512,0.424687505
819,,0.968437493,0.942499995,0.895312488,0.824374974,0.405000001
820,,0.96656251,0.948437512,0.896875024,0.837187529,0.430000007
821,,0.96875,0.94749999,0.894062519,0.830624998,0.405312508
822,,0.969062507,0.941562474,0.897499979,0.824062526,0.4140625
823,,0.971249998,0.936562479,0.8984375,0.824062526,0.435000002
824,,0.970624983,0.935937524,0.899999976,0.836562514,0.426874995
825,,0.969687521,0.9375,0.900937498,0.831250012,0.408125013
826,,0.972812474,0.94312501,0.892187476,0.838750005,0.392187506
827,,0.97093749,0.938437521,0.896875024,0.834375024,0.421249986
828,,0.974062502,0.943750024,0.895312488,0.829062521,0.430937499
829,,0.971562505,0.944687486,0.90062499,0.824687481,0.435000002
830,,0.971562505,0.939374983,0.913124979,0.833124995,0.419375002
831,,0.969375014,0.947812498,0.906562507,0.836250007,0.42750001
832,,0.971249998,0.939374983,0.906562507,0.827499986,0.415312499
833,,0.970312476,0.944062471,0.904687524,0.830937505,0.416562498
834,,0.97093749,0.944999993,0.907187521,0.826250017,0.416875005
835,,0.973749995,0.947812498,0.903124988,0.830937505,0.409062505
836,,0.976875007,0.941562474,0.910937488,0.83812499,0.422500014
837,,0.971249998,0.942499995,0.90406251,0.830624998,0.413749993
838,,0.973437488,0.940312505,0.894999981,0.840937495,0.409999996
839,,0.965937495,0.944999993,0.897187471,0.837187529,0.424374998
840,,0.974062502,0.944687486,0.910312474,0.832499981,0.43187499
841,,0.967812479,0.93968749,0.900312483,0.826874971,0.432812512
842,,0.968124986,0.937812507,0.89625001,0.842812479,0.420625001
843,,0.964687526,0.944374979,0.899999976,0.838437498,0.430000007
844,,0.968437493,0.941250026,0.895937502,0.832499981,0.430937499
845,,0.97093749,0.945937514,0.902187526,0.837812483,0.421562493
846,,0.972812474,0.944687486,0.899375021,0.834062517,0.444062501
847,,0.971249998,0.944062471,0.891875029,0.839375019,0.440312505
848,,0.969687521,0.932500005,0.903124988,0.839062512,0.416562498
849,,0.969687521,0.948437512,0.901875019,0.823125005,0.428437501
850,,0.973437488,0.93531251,0.89281249,0.829999983,0.40406251
851,,0.975000024,0.940312505,0.899375021,0.836250007,0.435624987
852,,0.96875,0.944687486,0.90406251,0.848124981,0.431562513
853,,0.970312476,0.942812502,0.91968751,0.845624983,0.417499989
854,,0.97437501,0.946562529,0.900937498,0.830937505,0.430937499
855,,0.971249998,0.9453125,0.903437495,0.832812488,0.421249986
856,,0.970312476,0.93968749,0.901875019,0.836562514,0.428750008
857,,0.972812474,0.9453125,0.903437495,0.826874971,0.418125004
858,,0.967499971,0.9453125,0.895312488,0.838437498,0.418125004
859,,0.973437488,0.94312501,0.89625001,0.840624988,0.429374993
860,,0.971562505,0.93968749,0.899062514,0.826562524,0.431562513
861,,0.97437501,0.938437521,0.902812481,0.840624988,0.447187513
862,,0.970312476,0.940312505,0.897499979,0.827499986,0.451875001
863,,0.973749995,0.939374983,0.911249995,0.834062517,0.432187498
865,,0.970000029,0.945625007,0.89625001,0.841875017,0.421249986
866,,0.969375014,0.935625017,0.901875019,0.836250007,0.410625011
867,,0.970000029,0.949999988,0.901250005,0.831875026,0.424687505
868,,0.969062507,0.9453125,0.904687524,0.845000029,0.424374998
869,,0.968124986,0.944999993,0.893750012,0.829999983,0.434374988
870,,0.971249998,0.936249971,0.90062499,0.843437493,0.430000007
871,,0.970312476,0.942812502,0.904687524,0.846562505,0.434687495
872,,0.969375014,0.947187483,0.89625001,0.839375019,0.427812487
873,,0.973437488,0.944374979,0.905312479,0.83375001,0.436874986
874,,0.975000024,0.946250021,0.903750002,0.831562519,0.440937489
875,,0.972812474,0.947187483,0.903437495,0.84156251,0.431250006
876,,0.976249993,0.942499995,0.898124993,0.834375024,0.4375
877,,0.970624983,0.948125005,0.902187526,0.832812488,0.44312501
878,,0.974687517,0.941562474,0.89625001,0.849687517,0.444062501
879,,0.97437501,0.94312501,0.901562512,0.837187529,0.432812512
880,,0.970624983,0.945937514,0.909375012,0.840624988,0.436250001
881,,0.967187524,0.947812498,0.907500029,0.842187524,0.43968749
882,,0.969687521,0.936249971,0.905937493,0.839687526,0.441875011
883,,0.970000029,0.941250026,0.905312479,0.834375024,0.443437487
884,,0.977500021,0.941562474,0.901250005,0.835312486,0.437812507
885,,0.97437501,0.949062526,0.902812481,0.839062512,0.432812512
886,,0.967187524,0.938437521,0.901250005,0.842812479,0.433750004
887,,0.971562505,0.946874976,0.901875019,0.847500026,0.432500005
888,,0.970624983,0.944687486,0.894062519,0.84156251,0.449375004
889,,0.969687521,0.941250026,0.909687519,0.840312481,0.428124994
890,,0.970624983,0.943437517,0.894375026,0.842499971,0.448749989
891,,0.972500026,0.947187483,0.901562512,0.828125,0.440937489
892,,0.96656251,0.946874976,0.91187501,0.846562505,0.443437487
893,,0.969375014,0.946250021,0.893124998,0.824999988,0.434374988
894,,0.971562505,0.947812498,0.908124983,0.8359375,0.4453125
895,,0.976249993,0.939374983,0.910000026,0.845624983,0.454687506
896,,0.973124981,0.94749999,0.90625,0.858124971,0.455000013
897,,0.974062502,0.941562474,0.889687479,0.841875017,0.453437507
898,,0.971249998,0.942187488,0.905312479,0.835312486,0.443749994
899,,0.973749995,0.936249971,0.901250005,0.844375014,0.449687511
900,,0.974687517,0.948750019,0.899375021,0.839999974,0.444062501
901,,0.9765625,0.942499995,0.9140625,0.84593749,0.447187513
902,,0.971875012,0.948437512,0.900937498,0.837187529,0.431562513
903,,0.970000029,0.947187483,0.900312483,0.84593749,0.446875006
904,,0.969687521,0.941250026,0.905624986,0.842187524,0.454687506
905,,0.969687521,0.942812502,0.912500024,0.839375019,0.461874992
906,,0.975624979,0.948125005,0.906562507,0.840312481,0.451249987
907,,0.972812474,0.9453125,0.901562512,0.839375019,0.444687486
908,,0.975312471,0.944062471,0.906875014,0.844687521,0.471562505
909,,0.973437488,0.946874976,0.903750002,0.850312471,0.461874992
910,,0.966250002,0.949374974,0.902499974,0.840937495,0.45531249
911,,0.975937486,0.944687486,0.905624986,0.846875012,0.445937514
912,,0.969375014,0.945625007,0.901562512,0.839687526,0.451562494
913,,0.968437493,0.934687495,0.904375017,0.837187529,0.452499986
914,,0.97437501,0.940937519,0.896562517,0.84593749,0.463437498
915,,0.974062502,0.942187488,0.899375021,0.854375005,0.452499986
916,,0.971875012,0.947812498,0.902812481,0.846249998,0.457187504
917,,0.97437501,0.943750024,0.90062499,0.84593749,0.466250002
918,,0.972812474,0.946562529,0.8984375,0.831875026,0.470625013
919,,0.974062502,0.944062471,0.90406251,0.84937501,0.455937505
920,,0.967812479,0.944374979,0.902187526,0.841875017,0.467500001
921,,0.974062502,0.942499995,0.902499974,0.841875017,0.464687496
922,,0.971249998,0.955624998,0.907187521,0.848749995,0.461250007
923,,0.976249993,0.948437512,0.901562512,0.84593749,0.470312506
924,,0.971875012,0.932500005,0.899999976,0.839375019,0.466874987
925,,0.967499971,0.942499995,0.902499974,0.841250002,0.46312499
926,,0.978124976,0.951874971,0.8984375,0.845000029,0.473125011
927,,0.970312476,0.949999988,0.912500024,0.846562505,0.474687487
928,,0.971875012,0.944999993,0.901562512,0.843124986,0.456874996
929,,0.971562505,0.942812502,0.91187501,0.84593749,0.464062512
930,,0.97093749,0.9375,0.90843749,0.834687471,0.462500006
931,,0.974687517,0.952499986,0.905937493,0.850312471,0.455000013
932,,0.973749995,0.949062526,0.897499979,0.855624974,0.477499992
933,,0.973437488,0.93968749,0.90843749,0.846249998,0.471249998
934,,0.970000029,0.944999993,0.905937493,0.844375014,0.468124986
935,,0.971875012,0.945937514,0.906562507,0.839375019,0.464374989
936,,0.970624983,0.939062476,0.895624995,0.845312476,0.465624988
937,,0.975000024,0.950625002,0.900937498,0.848749995,0.461562514
938,,0.973749995,0.946562529,0.905937493,0.858124971,0.467187494
939,,0.972812474,0.939062476,0.90406251,0.841875017,0.479062498
940,,0.968124986,0.948125005,0.91187501,0.842812479,0.476875007
941,,0.964687526,0.948437512,0.90625,0.848124981,0.477812499
942,,0.97437501,0.944999993,0.902187526,0.842499971,0.471875012
943,,0.973124981,0.947187483,0.90625,0.855937481,0.487187505
944,,0.973437488,0.946874976,0.912187517,0.854062498,0.484062493
945,,0.96875,0.944374979,0.904687524,0.853437483,0.473125011
946,,0.974687517,0.947187483,0.90625,0.836875021,0.485000014
947,,0.973124981,0.94312501,0.901875019,0.847187519,0.480937511
948,,0.975937486,0.940937519,0.905312479,0.842812479,0.483125001
949,,0.973749995,0.946562529,0.91187501,0.852500021,0.477187514
950,,0.972187519,0.946562529,0.895312488,0.847500026,0.472812504
951,,0.975624979,0.948437512,0.904999971,0.834375024,0.490312487
952,,0.975624979,0.940937519,0.905312479,0.837499976,0.48656249
953,,0.977812529,0.940312505,0.90062499,0.84375,0.485312492
954,,0.970000029,0.942812502,0.909375012,0.841250002,0.481562495
955,,0.978437483,0.944999993,0.905624986,0.840312481,0.490312487
956,,0.973749995,0.946562529,0.908749998,0.840624988,0.472812504
957,,0.97093749,0.953125,0.905937493,0.848124981,0.476875007
958,,0.972500026,0.936562479,0.911249995,0.860937476,0.491250008
959,,0.974687517,0.944687486,0.909375012,0.84375,0.479062498
960,,0.973749995,0.948437512,0.901562512,0.853124976,0.478437513
961,,0.971249998,0.95531249,0.89625001,0.855624974,0.480625004
962,,0.971875012,0.949062526,0.901250005,0.856562495,0.509062529
963,,0.97093749,0.9453125,0.91187501,0.857500017,0.473437488
964,,0.972187519,0.949687481,0.90625,0.852812529,0.504999995
965,,0.972500026,0.943750024,0.90843749,0.842499971,0.50218749
966,,0.970000029,0.942499995,0.899375021,0.841875017,0.496250004
967,,0.971875012,0.947812498,0.907812476,0.844687521,0.481875002
968,,0.975937486,0.94749999,0.906875014,0.845312476,0.493437499
969,,0.97437501,0.946250021,0.907812476,0.845000029,0.498124987
970,,0.979062498,0.948437512,0.89625001,0.857812524,0.493124992
971,,0.971875012,0.945625007,0.903437495,0.855000019,0.5
972,,0.972812474,0.948750019,0.900937498,0.851249993,0.489062488
973,,0.979062498,0.946250021,0.907500029,0.849062502,0.496250004
974,,0.974062502,0.942187488,0.912500024,0.848437488,0.506250024
975,,0.971249998,0.949062526,0.909062505,0.847187519,0.501562476
976,,0.968124986,0.947187483,0.911562502,0.845624983,0.518437505
977,,0.975937486,0.946562529,0.910937488,0.845624983,0.484375
978,,0.978124976,0.949999988,0.902812481,0.84156251,0.497187495
979,,0.974062502,0.947187483,0.901875019,0.845624983,0.512499988
980,,0.976249993,0.946250021,0.905937493,0.849062502,0.496874988
981,,0.974687517,0.944687486,0.905312479,0.848749995,0.496562511
982,,0.973749995,0.948125005,0.905312479,0.839687526,0.503750026
983,,0.964062512,0.944062471,0.904999971,0.859062493,0.496562511
984,,0.96875,0.950625002,0.915624976,0.848437488,0.501874983
985,,0.973124981,0.942812502,0.90843749,0.858124971,0.507499993
986,,0.97093749,0.943437517,0.901562512,0.849062502,0.509374976
987,,0.976875007,0.95093751,0.900312483,0.853437483,0.500937521
988,,0.975312471,0.951250017,0.904375017,0.860000014,0.516875029
989,,0.971875012,0.9453125,0.901562512,0.844687521,0.512812495
990,,0.973749995,0.945625007,0.899062514,0.848437488,0.516875029
991,,0.973437488,0.9453125,0.910624981,0.848749995,0.518437505
992,,0.977500021,0.946250021,0.90406251,0.852812529,0.5
993,,0.969062507,0.948125005,0.901250005,0.857812524,0.499374986
994,,0.972812474,0.950625002,0.910937488,0.855312526,0.508437514
995,,0.972500026,0.944374979,0.907187521,0.848437488,0.51781249
996,,0.976249993,0.948125005,0.903750002,0.854062498,0.50218749
997,,0.975624979,0.940937519,0.915937483,0.853124976,0.5078125
998,,0.973749995,0.943750024,0.90406251,0.850937486,0.498750001
999,,0.969687521,0.944374979,0.906562507,0.835624993,0.534375012
1000,,0.97093749,0.948437512,0.907187521,0.85374999,0.507187486
