Step,Value1,Value2,Value3,Value4,Value5,Value6
0,0.100312501,0.085625,0.0778125,0.138437495,0.099375002,0.097187497
1,,0.099062502,0.080312498,0.090625003,0.089374997,0.090625003
2,,0.124375001,0.083437502,0.102187499,0.098750003,0.080624998
3,,0.124375001,0.076875001,0.088749997,0.090312503,0.073124997
4,,0.125312507,0.081874996,0.088749997,0.097499996,0.078749999
5,,0.147812501,0.085000001,0.107812501,0.130312502,0.067187503
6,,0.156874999,0.0859375,0.094374999,0.147499993,0.071249999
7,,0.163124993,0.089687496,0.091250002,0.143749997,0.075312503
8,,0.197812498,0.096874997,0.104062498,0.158437505,0.070937499
9,,0.210624993,0.092812501,0.103124999,0.152812496,0.065312497
10,,0.225937501,0.100000001,0.102812499,0.149687499,0.060312498
11,,0.241562501,0.105937503,0.100000001,0.129687503,0.068125002
12,,0.263749987,0.104062498,0.103437498,0.147187501,0.0784375
13,,0.308124989,0.113437504,0.103749998,0.147812501,0.060625002
14,,0.304374993,0.127187505,0.101875,0.142187506,0.066562504
15,,0.329374999,0.116562501,0.104374997,0.133437499,0.060937501
16,,0.37281251,0.119687498,0.110312499,0.137500003,0.060937501
17,,0.399062514,0.118124999,0.114687502,0.150625005,0.0625
18,,0.432187498,0.130312502,0.100937501,0.145937502,0.057812501
19,,0.43968749,0.1246875,0.092500001,0.146874994,0.059374999
20,,0.469375014,0.141249999,0.113437504,0.140312493,0.056562498
21,,0.508125007,0.150000006,0.110937499,0.138125002,0.057812501
22,,0.518437505,0.152500004,0.106875002,0.140312493,0.0546875
23,,0.520624995,0.151250005,0.107500002,0.144999996,0.0584375
24,,0.544375002,0.157187507,0.102499999,0.147812501,0.0590625
25,,0.547500014,0.152187496,0.105625004,0.144062504,0.054062501
26,,0.559374988,0.15625,0.110937499,0.137500003,0.050000001
27,,0.581875026,0.165625006,0.114062503,0.135000005,0.0590625
28,,0.572187483,0.171250001,0.111874998,0.145312503,0.055312499
29,,0.592187524,0.171562493,0.111562498,0.147499993,0.057187501
30,,0.582812488,0.185312495,0.119687498,0.140937507,0.052187499
31,,0.593124986,0.186562493,0.118124999,0.146249995,0.051562499
32,,0.599687517,0.213437498,0.116250001,0.159374997,0.057812501
33,,0.613749981,0.198437497,0.109999999,0.152812496,0.054375
34,,0.617500007,0.208437502,0.104999997,0.145937502,0.061250001
35,,0.615937471,0.212500006,0.121250004,0.150625005,0.052499998
36,,0.630937517,0.228125006,0.10125,0.147499993,0.055624999
37,,0.629999995,0.228125006,0.107500002,0.148750007,0.056249999
38,,0.635312498,0.217500001,0.125312507,0.140000001,0.050000001
39,,0.639062524,0.222812504,0.122812502,0.144999996,0.0546875
40,,0.655937493,0.242500007,0.118124999,0.146874994,0.05125
41,,0.649375021,0.238437504,0.114375003,0.156874999,0.05125
42,,0.669375002,0.239062503,0.125312507,0.154062495,0.05875
43,,0.668749988,0.250625014,0.123125002,0.142812505,0.056875002
44,,0.673749983,0.291562498,0.142187506,0.150000006,0.0503125
45,,0.6875,0.274062514,0.119374998,0.140312493,0.054062501
46,,0.670937479,0.271874994,0.116250001,0.139375001,0.050625
47,,0.674687505,0.278750002,0.136562496,0.151875004,0.052499998
48,,0.687812507,0.2890625,0.136875004,0.161562502,0.05125
49,,0.687187493,0.294999987,0.128437504,0.159687504,0.057500001
50,,0.704999983,0.299687505,0.135312498,0.150937498,0.054062501
51,,0.689999998,0.305937499,0.142812505,0.158749998,0.052812502
52,,0.704062521,0.312812507,0.109375,0.157187507,0.0465625
53,,0.70093751,0.315312505,0.128124997,0.155000001,0.0625
54,,0.705624998,0.317812502,0.1328125,0.150937498,0.0625
55,,0.726249993,0.323749989,0.135000005,0.142812505,0.050000001
56,,0.701562524,0.334687501,0.135000005,0.152812496,0.057500001
57,,0.7265625,0.334062487,0.1246875,0.151250005,0.059687499
58,,0.731562495,0.347812504,0.146562502,0.155937493,0.053125001
59,,0.736249983,0.355937511,0.149687499,0.154687494,0.064999998
60,,0.734687507,0.34937501,0.162812501,0.165312499,0.051874999
61,,0.730312526,0.374062508,0.156562507,0.15625,0.0465625
62,,0.735937476,0.376875013,0.137812495,0.153437495,0.055312499
63,,0.741562486,0.390312493,0.134375006,0.142812505,0.059687499
64,,0.732500017,0.366250008,0.156874999,0.140312493,0.056875002
65,,0.736249983,0.406562507,0.120312497,0.144374996,0.0503125
66,,0.755312502,0.393437505,0.140625,0.154687494,0.055937499
67,,0.740937471,0.403124988,0.165625006,0.160624996,0.045625001
68,,0.748125017,0.41624999,0.152500004,0.154062495,0.048749998
69,,0.758437514,0.419999987,0.145937502,0.151562497,0.0590625
70,,0.755312502,0.411562502,0.150312498,0.148124993,0.049687501
71,,0.774375021,0.428124994,0.146562502,0.165000007,0.064062499
72,,0.759062529,0.457500011,0.142812505,0.159374997,0.051874999
73,,0.76343751,0.443437487,0.141874999,0.158749998,0.048124999
74,,0.751250029,0.430312514,0.158437505,0.158749998,0.044687498
75,,0.767187476,0.452499986,0.154062495,0.159999996,0.059374999
76,,0.771562517,0.44749999,0.168437496,0.146249995,0.063437499
77,,0.760312498,0.452187508,0.171250001,0.140625,0.053437501
78,,0.766250014,0.46875,0.165000007,0.144999996,0.055624999
79,,0.759062529,0.472187489,0.15625,0.156874999,0.059999999
80,,0.769687474,0.479687512,0.143437505,0.165000007,0.056249999
81,,0.765937507,0.469375014,0.164687499,0.172812507,0.054375
82,,0.770624995,0.485937506,0.162499994,0.162499994,0.051562499
83,,0.764687479,0.488437504,0.162812501,0.171250001,0.061875001
84,,0.7734375,0.487812489,0.162187502,0.171875,0.045625001
85,,0.784375012,0.485000014,0.184687495,0.149375007,0.047499999
86,,0.765312493,0.509374976,0.171250001,0.163749993,0.050000001
87,,0.774687529,0.509374976,0.154375002,0.158437505,0.0621875
88,,0.778750002,0.509374976,0.157187507,0.167812496,0.053125001
89,,0.780937493,0.511562526,0.161562502,0.174687505,0.05875
90,,0.793437481,0.53343749,0.164687499,0.170000002,0.0509375
91,,0.793124974,0.527499974,0.186875001,0.159999996,0.059687499
92,,0.779375017,0.51781249,0.173124999,0.167500004,0.059999999
93,,0.776562512,0.53125,0.173749998,0.160624996,0.0509375
94,,0.783749998,0.519062519,0.165312499,0.164375007,0.049062502
95,,0.788749993,0.532187521,0.171250001,0.165312499,0.054375
96,,0.79124999,0.526562512,0.170937493,0.169062495,0.055
97,,0.788124979,0.5390625,0.171875,0.156874999,0.053437501
98,,0.795312524,0.530624986,0.181875005,0.152500004,0.0590625
99,,0.788437486,0.529375017,0.189687505,0.162812501,0.059374999
100,,0.793749988,0.536562502,0.187187493,0.161874995,0.055312499
101,,0.78343749,0.548437476,0.1875,0.151562497,0.056249999
102,,0.79124999,0.54124999,0.183437496,0.159999996,0.057187501
103,,0.79468751,0.546562493,0.179062501,0.166250005,0.0509375
104,,0.795312524,0.55687499,0.177187502,0.168750003,0.053437501
105,,0.795000017,0.564062476,0.187812507,0.170625001,0.0509375
106,,0.795624971,0.558437526,0.1875,0.151562497,0.05125
107,,0.800000012,0.567499995,0.183125004,0.162812501,0.055624999
108,,0.793437481,0.569374979,0.187187493,0.165937498,0.066249996
109,,0.805312514,0.567499995,0.182187498,0.168750003,0.061250001
110,,0.788124979,0.570937514,0.187187493,0.170937493,0.057812501
111,,0.793749988,0.569687486,0.218125001,0.173124999,0.059374999
112,,0.801562488,0.579062521,0.207499996,0.154687494,0.051874999
113,,0.803437471,0.575312495,0.191562504,0.174062505,0.05875
114,,0.811249971,0.571874976,0.194687501,0.164687499,0.055
115,,0.799687505,0.577187479,0.179374993,0.158749998,0.051874999
116,,0.792187512,0.586250007,0.205624998,0.168750003,0.053437501
117,,0.797500014,0.583124995,0.206562504,0.1640625,0.055937499
118,,0.807500005,0.583124995,0.194374993,0.166250005,0.053125001
119,,0.803125024,0.587187529,0.191874996,0.157499999,0.0584375
120,,0.799687505,0.591250002,0.184062496,0.169375002,0.058125
121,,0.802187502,0.589375019,0.215312496,0.170625001,0.060312498
122,,0.815625012,0.589687526,0.2109375,0.175312504,0.058125
123,,0.809374988,0.589062512,0.209687501,0.152812496,0.061875001
124,,0.815625012,0.602812529,0.192187503,0.164687499,0.047499999
125,,0.803749979,0.594062507,0.206249997,0.164687499,0.060312498
126,,0.808125019,0.612500012,0.219999999,0.168437496,0.047812499
127,,0.796249986,0.600000024,0.209374994,0.170312494,0.05125
128,,0.816250026,0.60374999,0.210624993,0.172499999,0.052812502
129,,0.809062481,0.608749986,0.216562495,0.173437506,0.056249999
130,,0.818750024,0.613749981,0.217500001,0.173124999,0.052499998
131,,0.796875,0.601249993,0.209062502,0.170312494,0.059687499
132,,0.815937519,0.618437529,0.209687501,0.176874995,0.056249999
133,,0.805937529,0.610625029,0.218125001,0.178437501,0.060312498
134,,0.8125,0.605937481,0.205937505,0.183750004,0.057187501
135,,0.813125014,0.602187514,0.212500006,0.171875,0.055624999
136,,0.8203125,0.620000005,0.208749995,0.173437506,0.053750001
137,,0.814999998,0.618125021,0.233437493,0.171562493,0.055937499
138,,0.824999988,0.622500002,0.217187494,0.172187507,0.0590625
139,,0.815625012,0.615312517,0.200937495,0.161249995,0.065624997
140,,0.810937524,0.628750026,0.201875001,0.167812496,0.054062501
141,,0.814062476,0.629687488,0.246562496,0.194062501,0.059374999
142,,0.8046875,0.624062479,0.232500002,0.166250005,0.050625
143,,0.805937529,0.6328125,0.232500002,0.174687505,0.054375
144,,0.803125024,0.625625014,0.240624994,0.178437501,0.052499998
145,,0.816874981,0.6171875,0.236874998,0.193124995,0.055937499
146,,0.815937519,0.631562471,0.25218749,0.183750004,0.0546875
147,,0.809687495,0.630937517,0.232500002,0.178437501,0.055
148,,0.817187488,0.640625,0.234375,0.181250006,0.057500001
149,,0.822812498,0.642499983,0.239374995,0.163749993,0.057812501
150,,0.819062471,0.6328125,0.235312507,0.175312504,0.05875
151,,0.8203125,0.637499988,0.237187505,0.161874995,0.0621875
152,,0.823750019,0.64281249,0.228437498,0.192499995,0.055312499
153,,0.815312505,0.639999986,0.227187499,0.178749993,0.053437501
154,,0.824374974,0.637187481,0.239374995,0.184375003,0.0471875
155,,0.815312505,0.643124998,0.236562505,0.181562498,0.057187501
156,,0.817499995,0.641562521,0.2421875,0.183437496,0.060937501
157,,0.820625007,0.645312488,0.257499993,0.184687495,0.061562501
158,,0.824374974,0.645624995,0.254687488,0.182187498,0.0590625
159,,0.815625012,0.642499983,0.229687497,0.171875,0.056875002
160,,0.817499995,0.653437495,0.232500002,0.164375007,0.058125
161,,0.817812502,0.645312488,0.236874998,0.182500005,0.0546875
162,,0.829375029,0.663749993,0.26343751,0.190312505,0.050000001
163,,0.820625007,0.649687529,0.2421875,0.165625006,0.0590625
164,,0.814999998,0.655937493,0.273750007,0.173749998,0.057812501
165,,0.817499995,0.658124983,0.240937501,0.171875,0.054375
166,,0.834062517,0.649687529,0.268437505,0.171562493,0.05875
167,,0.823125005,0.646562517,0.247812495,0.187187493,0.061562501
168,,0.826874971,0.652187526,0.261875004,0.188749999,0.056562498
169,,0.843437493,0.644062519,0.254375011,0.190937504,0.056562498
170,,0.810937524,0.651562512,0.251875013,0.181875005,0.057187501
171,,0.829375029,0.663437486,0.274687499,0.174374998,0.051562499
172,,0.822187483,0.661249995,0.273750007,0.183437496,0.064687498
173,,0.823125005,0.65625,0.256875008,0.177187502,0.057187501
174,,0.827187479,0.668749988,0.254687488,0.176874995,0.05875
175,,0.834375024,0.663437486,0.250937492,0.186250001,0.0546875
176,,0.834062517,0.662812471,0.271562487,0.186250001,0.055624999
177,,0.834375024,0.662812471,0.25,0.182812497,0.055937499
178,,0.828750014,0.670312524,0.270000011,0.183750004,0.056875002
179,,0.832187474,0.675312519,0.262187511,0.191874996,0.056875002
180,,0.834375024,0.67406249,0.274062514,0.184687495,0.061562501
181,,0.824062526,0.668124974,0.284687489,0.187187493,0.061250001
182,,0.831875026,0.675312519,0.26781249,0.180625007,0.056562498
183,,0.831875026,0.661249995,0.282812506,0.193124995,0.061250001
184,,0.832812488,0.675312519,0.28343749,0.186875001,0.061562501
185,,0.816874981,0.677812517,0.293749988,0.192812502,0.054375
186,,0.84375,0.675625026,0.275000006,0.177499995,0.054062501
187,,0.831875026,0.673437476,0.256562501,0.176874995,0.055624999
188,,0.82593751,0.671875,0.282187492,0.189687505,0.056562498
189,,0.839062512,0.673749983,0.276250005,0.191562504,0.055624999
190,,0.829687476,0.688750029,0.28125,0.180312499,0.0621875
191,,0.834062517,0.676562488,0.302187502,0.1875,0.061562501
192,,0.839375019,0.681249976,0.289687514,0.189999998,0.05125
193,,0.834375024,0.691562474,0.288749993,0.188437507,0.061250001
194,,0.815625012,0.686874986,0.292499989,0.188124999,0.052812502
195,,0.846249998,0.686562479,0.292187512,0.182812497,0.048749998
196,,0.836250007,0.686562479,0.278124988,0.180000007,0.0584375
197,,0.831875026,0.670624971,0.30250001,0.193749994,0.050000001
198,,0.827812493,0.689062476,0.288437486,0.194374993,0.065937497
199,,0.831562519,0.691562474,0.267187506,0.190937504,0.054375
200,,0.829062521,0.675000012,0.29468751,0.189687505,0.064374998
201,,0.828125,0.688750029,0.29906249,0.197500005,0.0584375
202,,0.827187479,0.691250026,0.303750008,0.199687496,0.060937501
203,,0.834687471,0.700312495,0.294999987,0.185625002,0.060937501
204,,0.828437507,0.689374983,0.309062511,0.183125004,0.066249996
205,,0.835312486,0.696250021,0.300937504,0.194687501,0.061250001
206,,0.824687481,0.692812502,0.297187507,0.183125004,0.059374999
207,,0.842812479,0.689999998,0.2890625,0.182187498,0.063124999
208,,0.831250012,0.698750019,0.293437511,0.188749999,0.048124999
209,,0.827499986,0.699999988,0.298124999,0.194062501,0.053125001
210,,0.824687481,0.707187474,0.315625012,0.179062501,0.057500001
211,,0.837499976,0.692499995,0.302187502,0.196562499,0.065312497
212,,0.838437498,0.702187479,0.304062486,0.188437507,0.0628125
213,,0.831250012,0.695937514,0.3125,0.196562499,0.0621875
214,,0.839687526,0.698125005,0.324687511,0.196875006,0.058125
215,,0.836562514,0.708124995,0.31812501,0.1875,0.064062499
216,,0.830937505,0.703750014,0.308437496,0.196875006,0.057812501
217,,0.834375024,0.708124995,0.315937489,0.200937495,0.059999999
218,,0.844062507,0.696250021,0.308437496,0.214062497,0.056875002
219,,0.840624988,0.704062521,0.318749994,0.189999998,0.055624999
220,,0.831562519,0.6953125,0.321562499,0.199687496,0.055
221,,0.843124986,0.706875026,0.33031249,0.205312505,0.051562499
222,,0.833124995,0.696250021,0.319999993,0.200937495,0.060312498
223,,0.840312481,0.711875021,0.319999993,0.196875006,0.067500003
224,,0.845000029,0.701562524,0.303750008,0.191249996,0.0584375
225,,0.840937495,0.720624983,0.315937489,0.191249996,0.066249996
226,,0.833124995,0.703437507,0.312812507,0.203437507,0.060625002
227,,0.84937501,0.711250007,0.341874987,0.203125,0.066875003
228,,0.844687521,0.704062521,0.33031249,0.198437497,0.0546875
229,,0.830937505,0.707187474,0.334062487,0.174999997,0.0584375
230,,0.831875026,0.721249998,0.319999993,0.200000003,0.0590625
231,,0.83812499,0.725624979,0.326875001,0.204687506,0.053125001
232,,0.828125,0.718437493,0.339062512,0.196250007,0.060625002
233,,0.839062512,0.72437501,0.346562505,0.186250001,0.057812501
234,,0.834687471,0.711875021,0.364687502,0.201562494,0.060312498
235,,0.830937505,0.714999974,0.337187499,0.197812498,0.059374999
236,,0.841875017,0.727812529,0.341250002,0.204062507,0.065624997
237,,0.834687471,0.725312471,0.328437507,0.209062502,0.060625002
238,,0.831250012,0.719687521,0.329062492,0.203125,0.0584375
239,,0.832499981,0.732812524,0.346562505,0.204687506,0.068437502
240,,0.855000019,0.724687517,0.343437493,0.185625002,0.059374999
241,,0.840937495,0.714062512,0.348437488,0.203437507,0.061562501
242,,0.837499976,0.727500021,0.361250013,0.208124995,0.0590625
243,,0.842812479,0.725000024,0.340937495,0.196562499,0.057500001
244,,0.835312486,0.728437483,0.349687487,0.212500006,0.056249999
245,,0.8359375,0.730312526,0.352812499,0.209999993,0.053437501
246,,0.8359375,0.727500021,0.349999994,0.191562504,0.0509375
247,,0.834687471,0.723749995,0.363437504,0.189374998,0.061562501
248,,0.853124976,0.734375,0.349062502,0.204999998,0.058125
249,,0.850937486,0.725624979,0.354062498,0.196562499,0.057812501
250,,0.845000029,0.733124971,0.370937496,0.205937505,0.057500001
251,,0.834375024,0.726875007,0.349999994,0.198125005,0.056875002
252,,0.83375001,0.722500026,0.346562505,0.200937495,0.064374998
253,,0.834687471,0.728437483,0.329687506,0.209062502,0.067812502
254,,0.835624993,0.7265625,0.342812508,0.202500001,0.059999999
255,,0.832812488,0.73656249,0.365312487,0.196562499,0.066249996
256,,0.844062507,0.731875002,0.364687502,0.195625007,0.063124999
257,,0.844375014,0.7421875,0.36500001,0.221874997,0.061875001
258,,0.84156251,0.725624979,0.359062493,0.217187494,0.053750001
259,,0.837187529,0.731249988,0.356249988,0.204062507,0.055937499
260,,0.835312486,0.719687521,0.365624994,0.218437493,0.066875003
261,,0.842499971,0.74000001,0.366562486,0.209687501,0.057812501
262,,0.839999974,0.746874988,0.37281251,0.206249997,0.0590625
263,,0.826250017,0.738437474,0.368124992,0.199062496,0.0621875
264,,0.856249988,0.741562486,0.377812505,0.193124995,0.0584375
265,,0.829999983,0.742500007,0.377499998,0.204374999,0.059999999
266,,0.846562505,0.737812519,0.369062513,0.202500001,0.05125
267,,0.8515625,0.735312521,0.376562506,0.211875007,0.059687499
268,,0.832187474,0.746249974,0.381562501,0.201562494,0.0625
269,,0.847812474,0.731249988,0.374374986,0.200312495,0.058125
270,,0.842187524,0.741874993,0.383125007,0.203125,0.0584375
271,,0.841875017,0.745625019,0.377812505,0.210624993,0.057812501
272,,0.839999974,0.756562471,0.375312507,0.212500006,0.064999998
273,,0.83031249,0.747500002,0.385312498,0.221562505,0.060312498
274,,0.84937501,0.746562481,0.3828125,0.206249997,0.061875001
275,,0.852812529,0.740937471,0.368124992,0.212187499,0.064999998
276,,0.853437483,0.733749986,0.377812505,0.209687501,0.059999999
277,,0.838750005,0.745000005,0.389687508,0.216875002,0.049375001
278,,0.843437493,0.7578125,0.382187486,0.202500001,0.058125
279,,0.840937495,0.735312521,0.409375012,0.214375004,0.055312499
280,,0.839999974,0.756874979,0.398124993,0.206874996,0.061875001
281,,0.846249998,0.746249974,0.385312498,0.217187494,0.061875001
282,,0.84593749,0.74437499,0.392500013,0.221249998,0.060312498
283,,0.8359375,0.75999999,0.39281249,0.222499996,0.056562498
284,,0.846875012,0.756250024,0.392500013,0.214375004,0.064374998
285,,0.838750005,0.74000001,0.411249995,0.201875001,0.060625002
286,,0.839062512,0.75218749,0.397500008,0.192499995,0.068750001
287,,0.847187519,0.748125017,0.390312493,0.209062502,0.0584375
288,,0.843124986,0.752812505,0.409062505,0.205937505,0.060625002
289,,0.842812479,0.754999995,0.415625006,0.2109375,0.0621875
290,,0.845624983,0.741249979,0.389062494,0.220312506,0.059999999
291,,0.845000029,0.754999995,0.409687489,0.215625003,0.053125001
292,,0.849687517,0.760937512,0.403124988,0.205937505,0.064062499
293,,0.84593749,0.760625005,0.400312513,0.207499996,0.0621875
294,,0.849687517,0.762499988,0.403437495,0.219062507,0.063437499
295,,0.846249998,0.753750026,0.399687499,0.210624993,0.068125002
296,,0.842187524,0.753750026,0.414375007,0.208124995,0.05875
297,,0.834687471,0.757187486,0.393124998,0.214687496,0.0584375
298,,0.847187519,0.761874974,0.420625001,0.219999999,0.0628125
299,,0.844687521,0.764062524,0.425624996,0.196875006,0.066249996
300,,0.84156251,0.770624995,0.414999992,0.219374999,0.0621875
301,,0.846875012,0.742812514,0.411249995,0.225312501,0.056562498
302,,0.849687517,0.750312507,0.411249995,0.225937501,0.060625002
303,,0.841875017,0.759687483,0.440625012,0.216875002,0.060625002
304,,0.850937486,0.7578125,0.435937494,0.2265625,0.057500001
305,,0.846875012,0.754999995,0.422187507,0.221874997,0.061250001
306,,0.844687521,0.773750007,0.424374998,0.214062497,0.066875003
307,,0.839687526,0.759687483,0.389687508,0.208749995,0.05875
308,,0.838437498,0.7578125,0.434687495,0.209687501,0.057187501
309,,0.851875007,0.766875029,0.417812496,0.220937505,0.056249999
310,,0.850937486,0.756250024,0.435624987,0.213750005,0.0584375
311,,0.832812488,0.764062524,0.425000012,0.213750005,0.052499998
312,,0.84937501,0.770937502,0.451249987,0.207812503,0.064687498
313,,0.84375,0.765625,0.434687495,0.219999999,0.064062499
314,,0.84156251,0.771562517,0.425937504,0.221874997,0.065312497
315,,0.83812499,0.756562471,0.439375013,0.219374999,0.065312497
316,,0.854375005,0.766250014,0.421875,0.230000004,0.07
317,,0.84375,0.760937512,0.439062506,0.226875007,0.068750001
318,,0.84375,0.774062514,0.432812512,0.229687497,0.056875002
319,,0.853124976,0.766250014,0.442812502,0.222812504,0.059999999
320,,0.842187524,0.755312502,0.446562499,0.219062507,0.060312498
321,,0.860000014,0.769999981,0.445937514,0.211562499,0.057812501
322,,0.847187519,0.765312493,0.444375008,0.234375,0.059687499
323,,0.853124976,0.762499988,0.438125014,0.204999998,0.060312498
324,,0.851875007,0.762499988,0.453750014,0.225937501,0.055312499
325,,0.8515625,0.757187486,0.433124989,0.231562495,0.061562501
326,,0.845624983,0.763750017,0.436562508,0.216875002,0.064374998
327,,0.850624979,0.764062524,0.44749999,0.214062497,0.065312497
328,,0.852812529,0.768750012,0.452812493,0.217187494,0.058125
329,,0.843124986,0.777812481,0.459374994,0.220312506,0.060312498
330,,0.84937501,0.77906251,0.466250002,0.220312506,0.060937501
331,,0.845312476,0.781875014,0.464062512,0.229375005,0.063749999
332,,0.840312481,0.768124998,0.452812493,0.228750005,0.061875001
333,,0.844687521,0.762499988,0.457187504,0.222187504,0.057812501
334,,0.84593749,0.771875024,0.466874987,0.229062498,0.059374999
335,,0.846562505,0.773124993,0.444687486,0.227500007,0.0584375
336,,0.854062498,0.777499974,0.449062496,0.232500002,0.067500003
337,,0.837499976,0.777499974,0.460312486,0.225312501,0.064999998
338,,0.840937495,0.770312488,0.462187499,0.237812504,0.067187503
339,,0.850000024,0.775312483,0.451562494,0.227500007,0.060312498
340,,0.840312481,0.766562521,0.454062492,0.227187499,0.066249996
341,,0.847812474,0.760937512,0.46875,0.218437493,0.063749999
342,,0.840624988,0.787812471,0.459687501,0.239687502,0.057500001
343,,0.845624983,0.766250014,0.471562505,0.225937501,0.070625
344,,0.84375,0.775312483,0.459687501,0.234999999,0.056249999
345,,0.846562505,0.77906251,0.464687496,0.223749995,0.05875
346,,0.84937501,0.774062514,0.447187513,0.225312501,0.0625
347,,0.852812529,0.782187521,0.444999993,0.221249998,0.068125002
348,,0.839062512,0.774062514,0.469062507,0.231875002,0.059374999
349,,0.846249998,0.768750012,0.472812504,0.223124996,0.073124997
350,,0.852500021,0.7734375,0.485624999,0.221562505,0.064999998
351,,0.853437483,0.783749998,0.481875002,0.234062493,0.0621875
352,,0.848124981,0.763750017,0.485937506,0.215000004,0.061562501
353,,0.847500026,0.778750002,0.480937511,0.216875002,0.061250001
354,,0.849687517,0.785312474,0.489687502,0.228125006,0.065937497
355,,0.851249993,0.77906251,0.476875007,0.225937501,0.066562504
356,,0.851249993,0.794375002,0.485937506,0.236249998,0.067187503
357,,0.845624983,0.776250005,0.480625004,0.224999994,0.065937497
358,,0.84593749,0.796875,0.4609375,0.228125006,0.073124997
359,,0.856249988,0.790000021,0.479375005,0.219374999,0.05125
360,,0.855312526,0.778437495,0.483749986,0.225937501,0.069375001
361,,0.844687521,0.779687524,0.474062502,0.238124996,0.064062499
362,,0.848749995,0.782812476,0.500312507,0.234375,0.0625
363,,0.843124986,0.7890625,0.475312501,0.243125007,0.061562501
364,,0.853124976,0.784375012,0.491562486,0.246875003,0.056875002
365,,0.850624979,0.764999986,0.486250013,0.228750005,0.063749999
366,,0.831562519,0.790312529,0.482499987,0.227500007,0.063749999
367,,0.839687526,0.779999971,0.490937501,0.227500007,0.063124999
368,,0.855312526,0.774375021,0.496250004,0.223749995,0.057500001
369,,0.853437483,0.784687519,0.494687498,0.229062498,0.069687501
370,,0.857500017,0.785312474,0.492812514,0.233437493,0.064062499
371,,0.858749986,0.773750007,0.508125007,0.223749995,0.066249996
372,,0.850312471,0.7890625,0.483437508,0.217812493,0.060625002
373,,0.854687512,0.776875019,0.502499998,0.244062498,0.0625
374,,0.844375014,0.792187512,0.475312501,0.245937496,0.0621875
375,,0.839687526,0.785000026,0.491250008,0.232187495,0.069062501
376,,0.847812474,0.790312529,0.507499993,0.228437498,0.067812502
377,,0.845624983,0.780624986,0.519687474,0.221562505,0.068125002
378,,0.846562505,0.798125029,0.501562476,0.25,0.0590625
379,,0.846249998,0.774999976,0.493437499,0.238437504,0.064374998
380,,0.845312476,0.788437486,0.499687493,0.2421875,0.055
381,,0.850312471,0.792500019,0.491250008,0.248437494,0.060312498
382,,0.847812474,0.793749988,0.495312512,0.240312502,0.067500003
383,,0.856562495,0.784687519,0.500625014,0.233125001,0.060312498
384,,0.855000019,0.784375012,0.513750017,0.235624999,0.066562504
385,,0.851249993,0.792812526,0.506250024,0.222812504,0.066875003
386,,0.848749995,0.784062505,0.485937506,0.238437504,0.057187501
387,,0.86156249,0.79468751,0.490624994,0.230312496,0.065624997
388,,0.853437483,0.777187526,0.509062529,0.239374995,0.059999999
389,,0.855624974,0.785000026,0.509374976,0.232812494,0.071562499
390,,0.85374999,0.781562507,0.504687488,0.233750001,0.064999998
391,,0.846875012,0.788124979,0.506874979,0.228125006,0.066562504
392,,0.8515625,0.803125024,0.528750002,0.229375005,0.059374999
393,,0.846562505,0.787812471,0.509374976,0.242500007,0.061562501
394,,0.867812514,0.790312529,0.511250019,0.230000004,0.061250001
395,,0.855937481,0.796562493,0.506874979,0.243750006,0.064687498
396,,0.84156251,0.785937488,0.522187471,0.234999999,0.069687501
397,,0.855624974,0.79124999,0.520937502,0.243750006,0.072187498
398,,0.853124976,0.787812471,0.521562517,0.25,0.065937497
399,,0.844062507,0.78687501,0.503437519,0.236874998,0.0625
400,,0.853124976,0.784062505,0.528750002,0.25218749,0.061875001
401,,0.860312521,0.793437481,0.52562499,0.253437489,0.060937501
402,,0.852812529,0.787812471,0.533749998,0.251562506,0.060937501
403,,0.855312526,0.795624971,0.509687483,0.248125002,0.069687501
404,,0.847812474,0.784375012,0.533124983,0.237499997,0.059999999
405,,0.848437488,0.7890625,0.515312493,0.232812494,0.063124999
406,,0.854375005,0.793437481,0.51781249,0.232500002,0.067500003
407,,0.839062512,0.80687499,0.509687483,0.228125006,0.065312497
408,,0.844062507,0.790937483,0.522812486,0.236249998,0.0621875
409,,0.85718751,0.80250001,0.524062514,0.25218749,0.065624997
410,,0.858437479,0.797187507,0.521875024,0.233125001,0.060937501
411,,0.848749995,0.787500024,0.519999981,0.245000005,0.072187498
412,,0.84593749,0.781562507,0.53687501,0.234375,0.060625002
413,,0.854687512,0.808437526,0.53125,0.240624994,0.067500003
414,,0.849687517,0.795000017,0.521562517,0.253437489,0.060312498
415,,0.859687507,0.795312524,0.54468751,0.257499993,0.055937499
416,,0.859687507,0.790000021,0.507499993,0.238437504,0.0628125
417,,0.852187514,0.784687519,0.538124979,0.249375001,0.065624997
418,,0.864062488,0.798749983,0.519062519,0.239687502,0.069687501
419,,0.849687517,0.787500024,0.518124998,0.239374995,0.0621875
420,,0.840624988,0.803749979,0.543437481,0.244062498,0.068750001
421,,0.829999983,0.799687505,0.526562512,0.238124996,0.067812502
422,,0.861874998,0.798749983,0.527499974,0.246562496,0.069062501
423,,0.855000019,0.793124974,0.538437486,0.243125007,0.067500003
424,,0.841250002,0.793749988,0.52906251,0.247500002,0.059999999
425,,0.854687512,0.80687499,0.546875,0.246250004,0.067187503
426,,0.84937501,0.809374988,0.532812476,0.25218749,0.069375001
427,,0.850937486,0.790624976,0.545937479,0.228437498,0.060625002
428,,0.852812529,0.786249995,0.531875014,0.251249999,0.070625
429,,0.840937495,0.792500019,0.519375026,0.25218749,0.057500001
430,,0.863437474,0.789375007,0.547812521,0.250312507,0.058125
431,,0.867812514,0.796875,0.539687514,0.257499993,0.073749997
432,,0.850937486,0.809062481,0.555937529,0.244062498,0.066249996
433,,0.856249988,0.797812521,0.546249986,0.253437489,0.074062496
434,,0.851875007,0.800312519,0.529999971,0.251562506,0.065624997
435,,0.854687512,0.801562488,0.55250001,0.244062498,0.063437499
436,,0.846562505,0.789375007,0.541875005,0.246562496,0.063749999
437,,0.854687512,0.796875,0.535624981,0.253437489,0.063749999
438,,0.848749995,0.800312519,0.52906251,0.254375011,0.071562499
439,,0.850312471,0.797187507,0.538124979,0.237812504,0.064062499
440,,0.857812524,0.794375002,0.526250005,0.238749996,0.064999998
441,,0.859375,0.803749979,0.554374993,0.244062498,0.0584375
442,,0.85374999,0.795312524,0.552187502,0.254687488,0.065312497
443,,0.857812524,0.810000002,0.554374993,0.245000005,0.068125002
444,,0.852187514,0.794062495,0.548125029,0.255312502,0.067812502
445,,0.855937481,0.801562488,0.546249986,0.245937496,0.064374998
446,,0.856562495,0.80250001,0.555000007,0.252812505,0.069687501
447,,0.850624979,0.798125029,0.55250001,0.245937496,0.064687498
448,,0.852187514,0.793437481,0.557187498,0.236874998,0.057187501
449,,0.852812529,0.793749988,0.557500005,0.252499998,0.0625
450,,0.848749995,0.805625021,0.539687514,0.252499998,0.066249996
451,,0.850000024,0.795937479,0.533749998,0.249062493,0.064687498
452,,0.8515625,0.789687514,0.55250001,0.254375011,0.07
453,,0.864374995,0.802812517,0.558125019,0.248750001,0.065312497
454,,0.859062493,0.80687499,0.558749974,0.253437489,0.069062501
455,,0.859062493,0.8125,0.550937474,0.255937487,0.075312503
456,,0.84375,0.806249976,0.535000026,0.241874993,0.064374998
457,,0.856562495,0.798437476,0.554374993,0.252812505,0.069375001
458,,0.846562505,0.809687495,0.557187498,0.246562496,0.0621875
459,,0.846875012,0.809062481,0.562187493,0.267500013,0.066562504
460,,0.850312471,0.809374988,0.564374983,0.247500002,0.066875003
461,,0.859375,0.79468751,0.557187498,0.248125002,0.058125
462,,0.855937481,0.795000017,0.545000017,0.252499998,0.072187498
463,,0.855937481,0.814062476,0.557187498,0.263749987,0.069687501
464,,0.854375005,0.800312519,0.5703125,0.254062504,0.066562504
465,,0.848749995,0.800312519,0.5546875,0.251875013,0.070625
466,,0.859062493,0.802187502,0.548125029,0.261875004,0.065937497
467,,0.848437488,0.810937524,0.560625017,0.248125002,0.061562501
468,,0.860625029,0.8046875,0.56468749,0.256875008,0.064374998
469,,0.856875002,0.808125019,0.55687499,0.252499998,0.060312498
470,,0.84937501,0.804374993,0.563125014,0.258125007,0.071249999
471,,0.852500021,0.799374998,0.565312505,0.254999995,0.064687498
472,,0.8515625,0.80687499,0.575625002,0.253125012,0.079374999
473,,0.864687502,0.806249976,0.5625,0.252499998,0.072187498
474,,0.86156249,0.79468751,0.567187488,0.262812495,0.067812502
475,,0.859062493,0.8046875,0.563437521,0.264999986,0.068437502
476,,0.859375,0.810625017,0.557500005,0.248750001,0.059687499
477,,0.859687507,0.808437526,0.566562474,0.253437489,0.075312503
478,,0.854375005,0.793124974,0.587812483,0.257499993,0.070937499
479,,0.84593749,0.798749983,0.561562479,0.252499998,0.066875003
480,,0.856875002,0.807500005,0.561874986,0.250937492,0.0590625
481,,0.857500017,0.810625017,0.569999993,0.269687504,0.065937497
482,,0.848749995,0.802187502,0.5546875,0.256562501,0.063437499
483,,0.846875012,0.808125019,0.573750019,0.267500013,0.064374998
484,,0.860312521,0.816250026,0.563125014,0.260937512,0.068437502
485,,0.854062498,0.817812502,0.577812493,0.266562492,0.066562504
486,,0.852187514,0.811562479,0.561249971,0.254687488,0.0621875
487,,0.852187514,0.801249981,0.571562529,0.262187511,0.070937499
488,,0.850312471,0.813437521,0.584687471,0.256562501,0.065937497
489,,0.862500012,0.800937474,0.579375029,0.262499988,0.080312498
490,,0.855937481,0.819062471,0.58375001,0.265937507,0.069062501
491,,0.861249983,0.802812517,0.579999983,0.259375006,0.0778125
492,,0.85374999,0.803437471,0.575312495,0.258749992,0.061875001
493,,0.850000024,0.807187498,0.583124995,0.258749992,0.066249996
494,,0.861874998,0.805625021,0.579375029,0.261875004,0.074062496
495,,0.858749986,0.805000007,0.583124995,0.253125012,0.066562504
496,,0.848749995,0.815312505,0.565937519,0.246250004,0.063124999
497,,0.852187514,0.807187498,0.588437498,0.248750001,0.067812502
498,,0.867812514,0.814999998,0.58031249,0.256249994,0.075625002
499,,0.854687512,0.821250021,0.572812498,0.250937492,0.068125002
500,,0.850312471,0.805312514,0.587187529,0.270624995,0.067187503
501,,0.852187514,0.814062476,0.584687471,0.258749992,0.069062501
502,,0.860000014,0.798125029,0.58375001,0.27906251,0.063124999
503,,0.860937476,0.809374988,0.584687471,0.268750012,0.065937497
504,,0.858437479,0.807812512,0.569374979,0.282187492,0.067187503
505,,0.846249998,0.801562488,0.569999993,0.268750012,0.066249996
506,,0.8515625,0.806249976,0.578750014,0.261875004,0.063749999
507,,0.860625029,0.816562474,0.573437512,0.270000011,0.066875003
508,,0.858437479,0.810000002,0.583124995,0.265625,0.069687501
509,,0.861874998,0.807812512,0.584687471,0.258437514,0.075937502
510,,0.855000019,0.813125014,0.607812524,0.2578125,0.067812502
511,,0.848749995,0.809687495,0.581562519,0.260937512,0.071874999
512,,0.859687507,0.821562529,0.586562514,0.256249994,0.068750001
513,,0.852812529,0.818750024,0.576874971,0.258749992,0.067812502
514,,0.857500017,0.814374983,0.591250002,0.259062499,0.065624997
515,,0.854687512,0.807187498,0.58812499,0.283125013,0.065937497
516,,0.863437474,0.815625012,0.576874971,0.273124993,0.065937497
517,,0.864062488,0.805937529,0.586562514,0.271874994,0.064374998
518,,0.854687512,0.806562483,0.589375019,0.271874994,0.066562504
519,,0.848749995,0.815625012,0.580624998,0.263749987,0.073749997
520,,0.852187514,0.81031251,0.593124986,0.274062514,0.071874999
521,,0.860000014,0.799687505,0.61156249,0.270624995,0.077187501
522,,0.858124971,0.818437517,0.597812474,0.270312488,0.067187503
523,,0.854687512,0.799687505,0.588437498,0.274062514,0.075625002
524,,0.863749981,0.821562529,0.589999974,0.254375011,0.075937502
525,,0.848124981,0.828125,0.587499976,0.259062499,0.063437499
526,,0.860625029,0.796562493,0.571562529,0.262499988,0.064999998
527,,0.865937471,0.805625021,0.596875012,0.266562492,0.067187503
528,,0.857812524,0.818437517,0.600937486,0.271874994,0.07
529,,0.851249993,0.807812512,0.598749995,0.265625,0.070625
530,,0.860312521,0.81031251,0.610312521,0.248750001,0.077187501
531,,0.851875007,0.806562483,0.586562514,0.270937502,0.064999998
532,,0.866562486,0.817499995,0.593124986,0.277187496,0.069062501
533,,0.855000019,0.815625012,0.59156251,0.257499993,0.071874999
534,,0.859687507,0.805937529,0.587187529,0.286249995,0.070937499
535,,0.859687507,0.810625017,0.586875021,0.278437495,0.066562504
536,,0.855000019,0.813437521,0.607500017,0.270624995,0.060625002
537,,0.853124976,0.819687486,0.589375019,0.269062489,0.068437502
538,,0.862187505,0.815312505,0.597812474,0.268437505,0.072812498
539,,0.855937481,0.819687486,0.592812479,0.274687499,0.070625
540,,0.852500021,0.816250026,0.602187514,0.27125001,0.066875003
541,,0.854062498,0.816874981,0.610937476,0.292812496,0.079062499
542,,0.855312526,0.803437471,0.593437493,0.287812501,0.069375001
543,,0.863437474,0.817499995,0.600937486,0.263749987,0.064374998
544,,0.865937471,0.814062476,0.596562505,0.274374992,0.064687498
545,,0.861249983,0.821874976,0.595312476,0.282499999,0.071562499
546,,0.855624974,0.806562483,0.607500017,0.272187501,0.0703125
547,,0.846249998,0.805312514,0.604375005,0.272500008,0.076875001
548,,0.859062493,0.817187488,0.623749971,0.280000001,0.070937499
549,,0.861249983,0.825625002,0.597500026,0.265937507,0.071249999
550,,0.861874998,0.814062476,0.589062512,0.282812506,0.066249996
551,,0.856562495,0.81468749,0.603437483,0.284375012,0.069687501
552,,0.864374995,0.815625012,0.605000019,0.2734375,0.059999999
553,,0.860312521,0.817499995,0.59937501,0.274062514,0.0778125
554,,0.867500007,0.810937524,0.606562495,0.280000001,0.069062501
555,,0.850000024,0.817812502,0.610000014,0.271874994,0.075000003
556,,0.863437474,0.81812501,0.594687521,0.264375001,0.0628125
557,,0.851249993,0.815625012,0.606875002,0.26781249,0.07
558,,0.863437474,0.815312505,0.610937476,0.268750012,0.068437502
559,,0.855937481,0.816250026,0.611874998,0.28125,0.083437502
560,,0.863749981,0.813437521,0.60374999,0.285312504,0.074062496
561,,0.845624983,0.816874981,0.624062479,0.28687501,0.068437502
562,,0.861874998,0.821562529,0.607812524,0.284062505,0.067187503
563,,0.865312517,0.809062481,0.611249983,0.269374996,0.068437502
564,,0.863125026,0.806249976,0.601249993,0.282812506,0.072812498
565,,0.854687512,0.807500005,0.608749986,0.295937508,0.0625
566,,0.858437479,0.818437517,0.611874998,0.278124988,0.070625
567,,0.860625029,0.814062476,0.601249993,0.275000006,0.073437497
568,,0.869062483,0.814999998,0.606875002,0.2890625,0.070937499
569,,0.8515625,0.819687486,0.604687512,0.290625006,0.067187503
570,,0.874062479,0.817499995,0.621562481,0.265625,0.069062501
571,,0.854062498,0.816250026,0.612500012,0.272187501,0.064687498
572,,0.862812519,0.8203125,0.618125021,0.277500004,0.075000003
573,,0.861249983,0.819062471,0.615625024,0.277187496,0.075625002
574,,0.8515625,0.819687486,0.614687502,0.268124998,0.0778125
575,,0.851249993,0.818437517,0.605624974,0.276562512,0.072187498
576,,0.84593749,0.818750024,0.610625029,0.280937493,0.074062496
577,,0.864062488,0.828750014,0.627812505,0.275937498,0.064999998
578,,0.863125026,0.815625012,0.611249983,0.294062495,0.076875001
579,,0.8515625,0.81812501,0.617812514,0.291875005,0.073437497
580,,0.854687512,0.818750024,0.610000014,0.300624996,0.071249999
581,,0.854062498,0.808749974,0.616249979,0.282812506,0.066562504
582,,0.858437479,0.826562524,0.615937471,0.28125,0.066249996
583,,0.865625024,0.828437507,0.6171875,0.281875014,0.063749999
584,,0.86937499,0.827187479,0.627499998,0.281875014,0.073437497
585,,0.855624974,0.809374988,0.612812519,0.285625011,0.069062501
586,,0.862500012,0.810937524,0.615312517,0.273750007,0.074687503
587,,0.858124971,0.824687481,0.614374995,0.285937488,0.074687503
588,,0.866562486,0.821874976,0.620000005,0.2890625,0.072499998
589,,0.855624974,0.825625002,0.622500002,0.28125,0.075312503
590,,0.848437488,0.814374983,0.619687498,0.276874989,0.067187503
591,,0.863749981,0.816250026,0.624374986,0.284062505,0.073749997
592,,0.860625029,0.814062476,0.625,0.288125008,0.080624998
593,,0.865312517,0.815937519,0.617500007,0.27906251,0.066249996
594,,0.859375,0.812187493,0.60718751,0.284375012,0.067500003
595,,0.854375005,0.819999993,0.621874988,0.284062505,0.071562499
596,,0.852187514,0.828437507,0.619687498,0.275937498,0.077187501
597,,0.859062493,0.81812501,0.614687502,0.275000006,0.076250002
598,,0.860625029,0.826874971,0.625937521,0.274062514,0.0778125
599,,0.869062483,0.818750024,0.62718749,0.278124988,0.074687503
600,,0.859375,0.823750019,0.63499999,0.290625006,0.065624997
601,,0.860312521,0.827812493,0.629374981,0.292812496,0.070937499
602,,0.863125026,0.815625012,0.626874983,0.280000001,0.071874999
603,,0.863125026,0.824687481,0.613749981,0.266562492,0.075000003
604,,0.86937499,0.815937519,0.625625014,0.294999987,0.072187498
605,,0.859687507,0.810937524,0.615625024,0.284375012,0.072499998
606,,0.86500001,0.8046875,0.623437524,0.293437511,0.073749997
607,,0.866874993,0.827812493,0.628125012,0.296562493,0.070625
608,,0.859062493,0.819999993,0.620000005,0.294999987,0.067187503
609,,0.849062502,0.831562519,0.637499988,0.291562498,0.069687501
610,,0.864062488,0.821562529,0.620312512,0.300624996,0.075000003
611,,0.863437474,0.799687505,0.636874974,0.285625011,0.076875001
612,,0.847187519,0.814062476,0.628125012,0.298437506,0.073749997
613,,0.872187495,0.825625002,0.626874983,0.284687489,0.077500001
614,,0.856562495,0.81031251,0.6328125,0.280624986,0.065937497
615,,0.864687502,0.818750024,0.62281251,0.281875014,0.075000003
616,,0.86156249,0.826874971,0.625937521,0.287499994,0.080624998
617,,0.872500002,0.824374974,0.632187486,0.285625011,0.068750001
618,,0.850624979,0.821562529,0.647812486,0.286562502,0.067812502
619,,0.854062498,0.820625007,0.62281251,0.28343749,0.061562501
620,,0.85718751,0.823437512,0.618437529,0.289687514,0.076562501
621,,0.867500007,0.826250017,0.629062474,0.296562493,0.069375001
622,,0.863749981,0.82593751,0.635937512,0.286562502,0.073749997
623,,0.856875002,0.829687476,0.626250029,0.287187487,0.0778125
624,,0.856875002,0.815312505,0.631250024,0.301250011,0.075625002
625,,0.861874998,0.828437507,0.63843751,0.277187496,0.077500001
626,,0.860625029,0.831250012,0.635312498,0.29906249,0.070937499
627,,0.862812519,0.822187483,0.62281251,0.28343749,0.084687501
628,,0.867812514,0.809062481,0.64625001,0.301562488,0.073437497
629,,0.86156249,0.816250026,0.619062483,0.302812487,0.075625002
630,,0.86156249,0.824999988,0.641875029,0.289687514,0.072812498
631,,0.866249979,0.817499995,0.628437519,0.294999987,0.065937497
632,,0.847812474,0.824374974,0.626250029,0.295312494,0.067500003
633,,0.860312521,0.820937514,0.63843751,0.297500014,0.068750001
634,,0.858749986,0.810000002,0.633437514,0.283749998,0.076562501
635,,0.856249988,0.819687486,0.654375017,0.289375007,0.074375004
636,,0.875312507,0.824374974,0.621249974,0.301250011,0.073749997
637,,0.856249988,0.819999993,0.639999986,0.302187502,0.074687503
638,,0.869687498,0.824374974,0.637812495,0.312187493,0.073749997
639,,0.865625024,0.819687486,0.640312493,0.296875,0.069062501
640,,0.875,0.831562519,0.63499999,0.295937508,0.068125002
641,,0.870000005,0.835312486,0.6484375,0.27906251,0.081562497
642,,0.861874998,0.832812488,0.642499983,0.292499989,0.083750002
643,,0.862812519,0.825312495,0.63062501,0.293437511,0.07
644,,0.861249983,0.824999988,0.628750026,0.289687514,0.076562501
645,,0.862812519,0.817499995,0.632187486,0.314375013,0.072812498
646,,0.862812519,0.830624998,0.646562517,0.285937488,0.073124997
647,,0.866249979,0.828437507,0.644375026,0.291562498,0.072812498
648,,0.854375005,0.824062526,0.635625005,0.293125004,0.076562501
649,,0.869687498,0.824374974,0.647187471,0.304062486,0.0778125
650,,0.863437474,0.829687476,0.629062474,0.301250011,0.0778125
651,,0.859375,0.821250021,0.642187476,0.295625001,0.067500003
652,,0.86500001,0.813750029,0.63843751,0.292187512,0.071249999
653,,0.865937471,0.836250007,0.646562517,0.289999992,0.083125003
654,,0.860937476,0.829999983,0.657500029,0.306250006,0.077500001
655,,0.854375005,0.835624993,0.652499974,0.300312489,0.072499998
656,,0.862500012,0.817812502,0.637187481,0.293437511,0.072812498
657,,0.86500001,0.821250021,0.633125007,0.305937499,0.084062502
658,,0.874374986,0.825312495,0.647499979,0.293125004,0.068437502
659,,0.85718751,0.818437517,0.641875029,0.297187507,0.074687503
660,,0.867812514,0.815312505,0.641250014,0.298124999,0.073124997
661,,0.860937476,0.81812501,0.645312488,0.300937504,0.074375004
662,,0.86500001,0.829375029,0.641562521,0.299374998,0.078125
663,,0.874374986,0.818750024,0.634374976,0.319375008,0.076562501
664,,0.85718751,0.821874976,0.653437495,0.295937508,0.066562504
665,,0.868749976,0.825625002,0.637812495,0.303750008,0.073749997
666,,0.853437483,0.827812493,0.633750021,0.302187502,0.075000003
667,,0.864374995,0.831562519,0.65062499,0.30687499,0.069375001
668,,0.868125021,0.81812501,0.633750021,0.304062486,0.076562501
669,,0.864687502,0.830624998,0.643437505,0.294999987,0.0778125
670,,0.863437474,0.82249999,0.652187526,0.300624996,0.071562499
671,,0.863437474,0.836875021,0.652187526,0.291875005,0.076875001
672,,0.857812524,0.818437517,0.651562512,0.302812487,0.074062496
673,,0.864687502,0.828437507,0.644999981,0.300000012,0.078125
674,,0.858437479,0.83031249,0.655312479,0.300937504,0.077500001
675,,0.872500002,0.813125014,0.644687474,0.304374993,0.075312503
676,,0.866562486,0.828750014,0.651562512,0.314375013,0.086874999
677,,0.865937471,0.843437493,0.649687529,0.31031251,0.078125
678,,0.855624974,0.808437526,0.649062514,0.301562488,0.074375004
679,,0.867812514,0.829375029,0.644375026,0.3203125,0.076562501
680,,0.870625019,0.825312495,0.645624995,0.284375012,0.074687503
681,,0.860312521,0.816874981,0.645624995,0.297500014,0.079374999
682,,0.861874998,0.825625002,0.642499983,0.304374993,0.085312501
683,,0.868437529,0.819999993,0.64281249,0.304062486,0.081562497
684,,0.872187495,0.846562505,0.654687524,0.305624992,0.071249999
685,,0.86156249,0.821874976,0.649687529,0.3046875,0.0784375
686,,0.865937471,0.8203125,0.653750002,0.300312489,0.065937497
687,,0.855624974,0.82593751,0.656875014,0.313125014,0.080624998
688,,0.870312512,0.832812488,0.646875024,0.310000002,0.068750001
689,,0.870312512,0.828437507,0.64625001,0.307500005,0.067500003
690,,0.869687498,0.831562519,0.645937502,0.319999993,0.075312503
691,,0.856249988,0.827187479,0.649687529,0.309687495,0.075625002
692,,0.871562481,0.83031249,0.662500024,0.308124989,0.074375004
693,,0.865937471,0.826874971,0.672187507,0.293437511,0.083125003
694,,0.86156249,0.819062471,0.649375021,0.321562499,0.071874999
695,,0.859375,0.8203125,0.659062505,0.313437492,0.077187501
696,,0.865625024,0.831875026,0.656875014,0.29906249,0.083750002
697,,0.855000019,0.837187529,0.65062499,0.305000007,0.075937502
698,,0.866562486,0.831250012,0.657500029,0.31812501,0.073437497
699,,0.856875002,0.827187479,0.655312479,0.315937489,0.071562499
700,,0.864062488,0.829062521,0.660937488,0.307500005,0.071874999
701,,0.873749971,0.830624998,0.648750007,0.296562493,0.076875001
702,,0.864062488,0.82249999,0.661249995,0.322187513,0.079999998
703,,0.862812519,0.827812493,0.651250005,0.336562514,0.071874999
704,,0.865937471,0.82249999,0.664687514,0.311250001,0.068437502
705,,0.867500007,0.831250012,0.658749998,0.315937489,0.083125003
706,,0.877499998,0.813125014,0.6640625,0.319062501,0.077500001
707,,0.858749986,0.8359375,0.655624986,0.309374988,0.084687501
708,,0.86500001,0.828437507,0.648124993,0.297812492,0.080624998
709,,0.866562486,0.830624998,0.655312479,0.305312514,0.076562501
710,,0.868749976,0.837187529,0.656875014,0.306562513,0.071249999
711,,0.863437474,0.817812502,0.654687524,0.308437496,0.082187504
712,,0.872500002,0.829687476,0.657187521,0.300312489,0.069375001
713,,0.863749981,0.829999983,0.665624976,0.302187502,0.073437497
714,,0.861874998,0.820937514,0.663124979,0.303750008,0.085625
715,,0.860312521,0.826562524,0.655624986,0.305937499,0.0784375
716,,0.86937499,0.818750024,0.660624981,0.313437492,0.075625002
717,,0.860625029,0.820937514,0.660000026,0.296875,0.082812503
718,,0.875937521,0.839999974,0.645624995,0.304062486,0.080312498
719,,0.865312517,0.826562524,0.665937483,0.3125,0.071562499
720,,0.857812524,0.834687471,0.669375002,0.313749999,0.074062496
721,,0.874687493,0.832812488,0.659062505,0.302812487,0.072499998
722,,0.861249983,0.824374974,0.656562507,0.309687495,0.074062496
723,,0.875312507,0.837812483,0.660312474,0.305312514,0.074687503
724,,0.865312517,0.841250002,0.65625,0.318437487,0.0778125
725,,0.873125017,0.83375001,0.656875014,0.309062511,0.071249999
726,,0.860625029,0.827187479,0.659687519,0.316249996,0.083750002
727,,0.869062483,0.829687476,0.671249986,0.315937489,0.085625
728,,0.860312521,0.829375029,0.665312529,0.318749994,0.088749997
729,,0.865937471,0.824999988,0.653124988,0.316875011,0.073437497
730,,0.86156249,0.824999988,0.664375007,0.319375008,0.085625
731,,0.870625019,0.82593751,0.676249981,0.321875006,0.080624998
732,,0.862812519,0.814374983,0.65406251,0.339062512,0.076562501
733,,0.862812519,0.834999979,0.652812481,0.314375013,0.067500003
734,,0.858124971,0.829375029,0.673437476,0.309687495,0.079062499
735,,0.874374986,0.844687521,0.654375017,0.300624996,0.079687499
736,,0.872500002,0.820937514,0.667812526,0.324999988,0.074062496
737,,0.871249974,0.818437517,0.665624976,0.319999993,0.079374999
738,,0.872500002,0.829062521,0.659687519,0.30250001,0.072812498
739,,0.857812524,0.836250007,0.671562493,0.303750008,0.078125
740,,0.867500007,0.826250017,0.657812476,0.323125005,0.082500003
741,,0.881562471,0.841875017,0.665000021,0.324999988,0.083750002
742,,0.860000014,0.817499995,0.671249986,0.311874986,0.089374997
743,,0.870937526,0.842499971,0.675000012,0.323749989,0.078125
744,,0.860937476,0.826562524,0.668124974,0.324375004,0.083125003
745,,0.875937521,0.837812483,0.672500014,0.319375008,0.074687503
746,,0.866874993,0.82593751,0.661249995,0.334687501,0.084687501
747,,0.864062488,0.826562524,0.671875,0.308437496,0.074375004
748,,0.864062488,0.830937505,0.657187521,0.313125014,0.079999998
749,,0.862187505,0.83031249,0.67750001,0.326562494,0.071562499
750,,0.866249979,0.836562514,0.659687519,0.311250001,0.076562501
751,,0.865625024,0.83031249,0.659375012,0.328125,0.077500001
752,,0.864687502,0.830937505,0.670624971,0.310937494,0.077187501
753,,0.862500012,0.836562514,0.662500024,0.306562513,0.089062497
754,,0.868437529,0.831250012,0.676562488,0.328437507,0.075312503
755,,0.873437524,0.843124986,0.670312524,0.336250007,0.080937497
756,,0.862812519,0.833437502,0.673437476,0.323749989,0.0778125
757,,0.870625019,0.845000029,0.672500014,0.327812493,0.083125003
758,,0.869687498,0.823125005,0.665937483,0.331874996,0.077500001
759,,0.863437474,0.827812493,0.67750001,0.324999988,0.07
760,,0.874062479,0.833437502,0.675937474,0.306562513,0.081562497
761,,0.873437524,0.823437512,0.665000021,0.321249992,0.091250002
762,,0.869062483,0.83375001,0.665000021,0.315625012,0.0784375
763,,0.867812514,0.82593751,0.668124974,0.310937494,0.069062501
764,,0.871874988,0.819687486,0.683749974,0.32593751,0.08625
765,,0.866874993,0.842187524,0.661562502,0.332187504,0.084062502
766,,0.869687498,0.816250026,0.674374998,0.321875006,0.081249997
767,,0.862187505,0.83031249,0.670312524,0.319999993,0.077187501
768,,0.866874993,0.839062512,0.680000007,0.332812488,0.076562501
769,,0.874374986,0.823125005,0.668749988,0.330000013,0.079687499
770,,0.873125017,0.824374974,0.674687505,0.325625002,0.079999998
771,,0.866562486,0.834687471,0.670624971,0.323749989,0.082812503
772,,0.87281251,0.836875021,0.679374993,0.320625007,0.084687501
773,,0.871249974,0.831562519,0.670000017,0.321875006,0.076562501
774,,0.874687493,0.831875026,0.670312524,0.332812488,0.081562497
775,,0.865625024,0.83812499,0.66968751,0.321875006,0.0778125
776,,0.875625014,0.831875026,0.665624976,0.324062496,0.073124997
777,,0.870312512,0.834687471,0.6796875,0.319999993,0.079062499
778,,0.872500002,0.830624998,0.674687505,0.328750014,0.084687501
779,,0.865312517,0.83812499,0.680000007,0.33375001,0.075000003
780,,0.860312521,0.83031249,0.672812521,0.330000013,0.084375001
781,,0.866874993,0.834999979,0.670312524,0.333437502,0.091562502
782,,0.865625024,0.835624993,0.676562488,0.324999988,0.086874999
783,,0.870000005,0.837187529,0.681249976,0.326875001,0.0784375
784,,0.872187495,0.833124995,0.676874995,0.330937505,0.082187504
785,,0.885937512,0.836875021,0.675625026,0.337500006,0.077500001
786,,0.8671875,0.822812498,0.668437481,0.320937514,0.088749997
787,,0.866249979,0.827499986,0.669375002,0.313749999,0.084375001
788,,0.862500012,0.828750014,0.674687505,0.32593751,0.085312501
789,,0.865312517,0.824687481,0.67750001,0.335000008,0.076562501
790,,0.8671875,0.834375024,0.684062481,0.327812493,0.089062497
791,,0.870937526,0.834999979,0.666562498,0.321562499,0.085000001
792,,0.862187505,0.8359375,0.676874995,0.332187504,0.076250002
793,,0.857500017,0.831875026,0.683437526,0.334062487,0.086562499
794,,0.870312512,0.839999974,0.672187507,0.335000008,0.075937502
795,,0.87281251,0.834062517,0.67406249,0.32249999,0.083125003
796,,0.883125007,0.827812493,0.689374983,0.315625012,0.080937497
797,,0.876874983,0.836250007,0.680625021,0.337187499,0.068437502
798,,0.865312517,0.836875021,0.683749974,0.315312505,0.086562499
799,,0.876250029,0.833124995,0.688125014,0.338437498,0.0784375
800,,0.863125026,0.834687471,0.678125024,0.329062492,0.080937497
801,,0.860625029,0.827499986,0.684687495,0.332500011,0.079687499
802,,0.863125026,0.826874971,0.679062486,0.322187513,0.081249997
803,,0.878750026,0.826250017,0.674687505,0.329062492,0.079374999
804,,0.86937499,0.828437507,0.670312524,0.335312486,0.082812503
805,,0.871874988,0.829375029,0.6953125,0.342812508,0.085000001
806,,0.87718749,0.842187524,0.683125019,0.327812493,0.079374999
807,,0.87281251,0.828750014,0.682187498,0.323437512,0.082500003
808,,0.875625014,0.826562524,0.679374993,0.334687501,0.086874999
809,,0.86937499,0.849687517,0.684062481,0.316562504,0.074687503
810,,0.868749976,0.832812488,0.672812521,0.32249999,0.087187499
811,,0.869062483,0.829062521,0.675937474,0.328750014,0.083125003
812,,0.868749976,0.846249998,0.678437471,0.344062507,0.083437502
813,,0.868125021,0.834062517,0.676249981,0.33375001,0.080937497
814,,0.868125021,0.830624998,0.680937529,0.339687496,0.077500001
815,,0.868125021,0.836562514,0.683125019,0.347187489,0.083750002
816,,0.885312498,0.839999974,0.688437521,0.344999999,0.081562497
817,,0.86937499,0.830624998,0.684374988,0.333124995,0.086562499
818,,0.876562476,0.830937505,0.675000012,0.331250012,0.081562497
819,,0.864687502,0.836562514,0.680000007,0.321875006,0.081249997
820,,0.876874983,0.838750005,0.6875,0.329374999,0.077187501
821,,0.870312512,0.832499981,0.690625012,0.335000008,0.087187499
822,,0.866562486,0.831562519,0.688750029,0.324687511,0.0778125
823,,0.860312521,0.837499976,0.680312514,0.324687511,0.078125
824,,0.86937499,0.831562519,0.687812507,0.334374994,0.083750002
825,,0.872500002,0.837812483,0.694062471,0.340937495,0.084687501
826,,0.87281251,0.836250007,0.684062481,0.350625008,0.077187501
827,,0.865312517,0.829999983,0.694687486,0.347187489,0.078749999
828,,0.885937512,0.834062517,0.684374988,0.331562489,0.075625002
829,,0.868437529,0.843437493,0.682500005,0.356875002,0.083437502
830,,0.879062474,0.840624988,0.67750001,0.33812499,0.086874999
831,,0.881250024,0.830624998,0.685937524,0.340312511,0.089374997
832,,0.868437529,0.825312495,0.698437512,0.336874992,0.088124998
833,,0.865937471,0.841875017,0.676562488,0.342500001,0.087499999
834,,0.87718749,0.84375,0.679374993,0.337187499,0.086562499
835,,0.881874979,0.831562519,0.686874986,0.339062512,0.084687501
836,,0.875,0.842187524,0.693437517,0.329062492,0.080312498
837,,0.877499998,0.834375024,0.688750029,0.328750014,0.085312501
838,,0.872187495,0.83812499,0.689999998,0.335312486,0.080312498
839,,0.876874983,0.836562514,0.684374988,0.340000004,0.083125003
840,,0.86937499,0.833437502,0.678749979,0.349062502,0.090312503
841,,0.868749976,0.838437498,0.682187498,0.347499996,0.089687496
842,,0.870625019,0.830937505,0.68968749,0.347812504,0.080624998
843,,0.868437529,0.839999974,0.683749974,0.342812508,0.087187499
844,,0.865625024,0.832187474,0.685000002,0.337187499,0.087499999
845,,0.868749976,0.825312495,0.687812507,0.344375014,0.080937497
846,,0.873749971,0.839687526,0.697187483,0.356875002,0.087187499
847,,0.867500007,0.836250007,0.690625012,0.324375004,0.079374999
848,,0.876250029,0.828437507,0.695937514,0.347187489,0.087812498
849,,0.879687488,0.834062517,0.692499995,0.340312511,0.076562501
850,,0.874687493,0.831250012,0.705937505,0.348125011,0.081562497
851,,0.878437519,0.846249998,0.695937514,0.346249998,0.092500001
852,,0.874687493,0.838750005,0.692499995,0.340000004,0.0778125
853,,0.874374986,0.816874981,0.695625007,0.336250007,0.080624998
854,,0.879062474,0.830937505,0.692499995,0.354062498,0.080624998
855,,0.873125017,0.840312481,0.686249971,0.334062487,0.087499999
856,,0.873437524,0.836250007,0.695937514,0.346249998,0.085312501
857,,0.878437519,0.83812499,0.683125019,0.360000014,
858,,0.874062479,0.839062512,0.683125019,0.345625013,
859,,0.863437474,0.830624998,0.700625002,0.339062512,
860,,0.875,0.835624993,0.684062481,0.34593749,
861,,0.865312517,0.838750005,0.697812498,0.344375014,
862,,0.868437529,0.8359375,0.70093751,0.352812499,
863,,0.872500002,0.835312486,0.687812507,0.32249999,
865,,0.870000005,0.834062517,0.683125019,0.344062507,
866,,0.876874983,0.843124986,0.694999993,0.341874987,
867,,0.870625019,0.833437502,0.694374979,0.341874987,
868,,0.876874983,0.834999979,0.693750024,0.362500012,
869,,0.864687502,0.839999974,0.699999988,0.343124986,
870,,0.8828125,0.847812474,0.69749999,0.348749995,
871,,0.881874979,0.831250012,0.688750029,0.340312511,
872,,0.872500002,0.845000029,0.692499995,0.340624988,
873,,0.883125007,0.823750019,0.696250021,0.344687492,
874,,0.875312507,0.832499981,0.683125019,0.346249998,
875,,0.871874988,0.842499971,0.708124995,0.336250007,
876,,0.876562476,0.841250002,0.700312495,0.341874987,
877,,0.853124976,0.836250007,0.692812502,0.353125006,
878,,0.87281251,0.837812483,0.692499995,0.348749995,
879,,0.873125017,0.846562505,0.692812502,0.348749995,
880,,0.884062529,0.844062507,0.699062526,0.365937501,
881,,0.869687498,0.842187524,0.707187474,0.357812494,
882,,0.871562481,0.835624993,0.692499995,0.34593749,
883,,0.875312507,0.823750019,0.700625002,0.347812504,
884,,0.878125012,0.817812502,0.687812507,0.345312506,
885,,0.87281251,0.845312476,0.692499995,0.354062498,
886,,0.880312502,0.834062517,0.693437517,0.334062487,
887,,0.869687498,0.84375,0.702187479,0.341874987,
888,,0.880312502,0.829375029,0.698125005,0.340937495,
889,,0.872500002,0.820625007,0.699687481,0.356249988,
890,,0.873749971,0.832499981,0.712812483,0.359687507,
891,,0.875625014,0.83812499,0.708437502,0.344375014,
892,,0.86500001,0.845624983,0.701250017,0.349999994,
893,,0.880937517,0.839062512,0.691562474,0.352499992,
894,,0.880312502,0.83375001,0.694374979,0.355312496,
895,,0.883437514,0.833437502,0.696562529,0.373437494,
896,,0.865937471,0.836562514,0.695625007,0.346249998,
897,,0.865937471,0.839687526,0.697812498,0.353437513,
898,,0.875,0.847187519,0.688750029,0.361250013,
899,,0.875312507,0.840624988,0.709999979,0.356875002,
900,,0.872500002,0.841250002,0.700625002,0.354999989,
901,,0.87718749,0.831875026,0.702499986,0.347812504,
902,,0.871249974,0.844375014,0.694062471,0.360624999,
903,,0.875937521,0.843124986,0.709999979,0.33812499,
904,,0.875312507,0.824999988,0.698125005,0.354062498,
905,,0.860625029,0.830937505,0.699374974,0.353125006,
906,,0.8828125,0.830624998,0.699062526,0.361874998,
907,,0.872187495,0.838437498,0.707187474,0.352499992,
908,,0.876250029,0.841875017,0.702812493,0.352187514,
909,,0.883437514,0.843437493,0.694999993,0.354687512,
910,,0.87281251,0.832499981,0.703437507,0.342187494,
911,,0.889687479,0.835312486,0.706562519,0.349687487,
912,,0.866562486,0.834999979,0.704062521,0.366250008,
913,,0.88499999,0.835624993,0.709999979,0.360937506,
914,,0.871249974,0.834687471,0.701874971,0.352499992,
915,,0.87718749,0.844687521,0.708437502,0.360624999,
916,,0.886562526,0.850624979,0.697187483,0.368437499,
917,,0.875312507,0.854375005,0.704375029,0.344375014,
918,,0.878125012,0.832812488,0.69749999,0.363124996,
919,,0.875,0.829687476,0.693750024,0.374687493,
920,,0.870625019,0.840624988,0.705937505,0.356562495,
921,,0.8671875,0.839999974,0.706250012,0.371562511,
922,,0.872187495,0.827812493,0.712187529,0.360937506,
923,,0.888125002,0.84156251,0.699687481,0.362187505,
924,,0.874062479,0.839062512,0.713750005,0.347499996,
925,,0.874374986,0.835312486,0.694687486,0.340312511,
926,,0.873749971,0.841875017,0.698437512,0.348125011,
927,,0.881250024,0.834062517,0.696562529,0.359062493,
928,,0.887812495,0.848437488,0.708437502,0.360624999,
929,,0.869687498,0.824062526,0.71656251,0.356249988,
930,,0.874374986,0.833124995,0.708124995,0.371874988,
931,,0.876874983,0.845312476,0.700625002,0.355625004,
932,,0.876250029,0.84375,0.704999983,0.360000014,
933,,0.876874983,0.851249993,0.701562524,0.3671875,
934,,0.880312502,0.829687476,0.704999983,0.374687493,
935,,0.870312512,0.839687526,0.709062517,0.362500012,
936,,0.870312512,0.84156251,0.714687526,0.354999989,
937,,0.873749971,0.84375,0.712187529,0.375625014,
938,,0.879062474,0.837187529,0.703437507,0.356875002,
939,,0.879999995,0.834999979,0.700625002,0.361250013,
940,,0.88062501,0.846249998,0.695625007,0.362500012,
941,,0.872500002,0.841250002,0.71312499,0.365312487,
942,,0.863749981,0.836875021,0.706562519,0.372500002,
943,,0.879999995,0.838437498,0.713437498,0.36156249,
944,,0.879687488,0.835312486,0.711562514,0.354687512,
945,,0.875937521,0.835312486,0.701562524,0.359062493,
946,,0.880312502,0.830624998,0.710624993,0.355937511,
947,,0.875312507,0.850312471,0.706562519,0.374374986,
948,,0.881874979,0.84937501,0.71312499,0.382187486,
949,,0.884062529,0.828750014,0.703125,0.355312496,
950,,0.865312517,0.836250007,0.705937505,0.366562486,
951,,0.880312502,0.839999974,0.714375019,0.34593749,
952,,0.879374981,0.843124986,0.702499986,0.367500007,
953,,0.879374981,0.839062512,0.714062512,0.366562486,
954,,0.879374981,0.846875012,0.71875,0.36937499,
955,,0.875,0.843437493,0.72437501,0.382499993,
956,,0.882499993,0.836250007,0.700625002,0.361250013,
957,,0.879374981,0.839687526,0.713750005,0.359375,
958,,0.869687498,0.836562514,0.696562529,0.365937501,
959,,0.868749976,0.846249998,0.711250007,0.368124992,
960,,0.883437514,0.828437507,0.722187519,0.37718749,
961,,0.876874983,0.836562514,0.706875026,0.362812489,
962,,0.876250029,0.839062512,0.703125,0.375312507,
963,,0.886874974,0.841875017,0.710312486,0.378125012,
964,,0.879687488,0.839375019,0.697812498,0.363437504,
965,,0.88062501,0.834062517,0.721249998,0.359375,
966,,0.866249979,0.85374999,0.718124986,0.360624999,
967,,0.877499998,0.842812479,0.704999983,0.368437499,
968,,0.879999995,0.835312486,0.709999979,0.363124996,
969,,0.865625024,0.836250007,0.715624988,0.360937506,
970,,0.874374986,0.842812479,0.711250007,0.365937501,
971,,0.883437514,0.835624993,0.709375024,0.369687498,
972,,0.887812495,0.849687517,0.721875012,0.361250013,
973,,0.88062501,0.844062507,0.724062502,0.369687498,
974,,0.886562526,0.838750005,0.717812479,0.373124987,
975,,0.879062474,0.845000029,0.730000019,0.383749992,
976,,0.880312502,0.831562519,0.71875,0.360937506,
977,,0.871562481,0.834999979,0.709375024,0.360937506,
978,,0.87281251,0.847187519,0.699687481,0.359687507,
979,,0.881250024,0.834062517,0.71312499,0.375625014,
980,,0.880312502,0.8359375,0.713750005,0.376875013,
981,,0.88499999,0.841250002,0.716250002,0.368750006,
982,,0.88062501,0.844687521,0.720624983,0.383437514,
983,,0.875,0.840624988,0.704375029,0.374374986,
984,,0.870312512,0.834687471,0.707499981,0.369062513,
985,,0.864062488,0.848749995,0.711562514,0.37281251,
986,,0.870625019,0.833124995,0.711250007,0.389375001,
987,,0.883750021,0.833124995,0.719062507,0.388749987,
988,,0.882187486,0.848437488,0.720000029,0.379687488,
989,,0.882499993,0.835312486,0.721875012,0.373750001,
990,,0.877499998,0.841250002,0.716875017,0.381562501,
991,,0.880312502,0.836250007,0.715624988,0.375,
992,,0.866562486,0.837499976,0.713750005,0.378749996,
993,,0.875312507,0.847500026,0.721562505,0.378749996,
994,,0.889687479,0.837187529,0.711562514,0.362812489,
995,,0.890625,0.844062507,0.708437502,0.360937506,
996,,0.876874983,0.840312481,0.711875021,0.389999986,
997,,0.871874988,0.839999974,0.722187519,0.373124987,
998,,0.876562476,0.846249998,0.726875007,0.362812489,
999,,0.878437519,0.840624988,0.706250012,0.376249999,
1000,,0.879374981,0.839062512,0.713437498,0.374062508,
